7000,2
21.5,0.53,0
0.1,0.43,0
-5.5,0.84,2
-6.9,0.55,0
-6.3,0.14,0
19.6,0.66,2
21.3,0.14,0
3.5,0.49,0
3.9,0.88,2
36.8,0.35,1
36.5,0.11,1
-0.7,0.44,0
35.5,0.37,1
-1.6,0.40,0
-0.4,0.31,0
14.6,0.87,2
22.2,0.51,0
8.7,0.32,0
8.6,0.19,0
37.4,0.52,1
-6.4,0.48,0
17.4,0.75,2
8.0,0.38,0
26.3,0.53,0
37.8,0.34,1
20.8,0.75,2
36.5,0.29,1
16.6,0.29,0
7.9,0.25,0
20.5,0.66,2
3.0,0.06,0
17.2,0.49,0
11.8,0.37,0
14.3,0.94,2
19.8,0.47,0
21.4,0.38,0
4.7,0.22,0
1.6,0.06,0
12.9,0.01,0
8.0,0.29,0
37.5,0.79,3
5.6,0.81,2
19.0,0.57,0
32.2,0.86,3
2.0,0.96,2
20.4,0.68,2
31.1,0.31,1
17.8,0.77,2
-3.3,0.87,2
-4.7,0.33,0
-4.3,0.08,0
15.3,0.95,2
-3.3,0.23,0
31.9,0.63,3
32.4,0.59,1
-8.9,0.42,0
10.1,0.59,0
16.4,0.07,0
-4.2,0.87,2
-7.4,0.03,0
-7.0,0.17,0
35.4,0.29,1
25.1,0.06,0
1.4,0.39,0
15.6,0.64,2
39.0,0.72,3
35.5,0.15,1
38.2,0.06,1
13.4,0.11,0
0.3,0.36,0
22.5,0.76,2
21.2,0.61,2
37.9,0.09,1
-1.4,0.07,0
1.5,0.73,2
25.7,0.63,2
14.5,0.31,0
25.0,0.49,0
19.0,0.12,0
11.4,0.19,0
34.5,0.72,3
7.2,0.15,0
31.8,0.81,3
18.7,0.34,0
5.4,0.17,0
6.0,0.22,0
7.9,0.90,2
-4.0,0.83,2
-0.5,0.64,2
-4.9,0.48,0
22.5,0.91,2
20.6,0.93,2
36.2,0.06,1
38.8,0.31,1
39.5,0.61,3
14.6,0.22,0
36.8,0.98,3
1.2,0.08,0
13.3,0.53,0
19.6,0.61,2
-7.2,0.91,2
-2.1,0.91,2
-6.7,0.86,2
37.3,0.26,1
4.7,0.41,0
12.2,0.73,2
34.1,0.58,1
-1.2,0.69,2
-9.3,0.20,0
14.2,0.59,0
26.7,0.21,0
16.6,0.28,0
7.3,0.32,0
5.6,0.43,0
23.4,0.56,0
13.4,0.21,0
-1.9,0.89,2
10.4,0.28,0
24.2,0.08,0
20.6,0.02,0
3.8,0.78,2
8.7,0.80,2
9.2,0.85,2
12.0,0.83,2
33.5,0.25,1
12.8,0.85,2
0.2,0.98,2
10.5,0.94,2
-4.6,0.68,2
-3.4,0.39,0
5.7,0.47,0
26.5,0.64,2
6.5,0.84,2
28.7,0.37,0
10.8,0.44,0
31.3,0.93,3
26.1,0.93,2
11.9,0.15,0
13.8,0.44,0
-5.6,0.96,2
8.4,0.14,0
27.9,0.54,0
-4.6,0.47,0
19.1,0.93,2
25.5,0.46,0
5.5,0.74,2
28.2,0.53,0
21.8,0.90,2
23.5,0.62,2
16.3,0.32,0
19.1,0.22,0
12.4,0.67,2
-8.8,0.88,2
12.7,0.33,0
23.0,0.30,0
-6.2,0.87,2
-2.2,0.52,0
19.2,0.88,2
29.5,0.03,0
39.9,0.53,1
-6.3,0.34,0
29.3,0.72,2
15.2,0.83,2
-7.4,0.24,0
-4.3,0.02,0
16.8,0.21,0
10.1,0.06,0
33.0,0.99,3
26.4,0.03,0
-1.1,0.72,2
23.6,0.14,0
35.5,0.47,1
20.5,0.11,0
19.9,0.84,2
-5.6,0.49,0
38.6,0.56,1
5.1,0.95,2
34.0,0.09,1
-0.9,0.51,0
8.6,0.47,0
-3.5,0.67,2
-4.3,0.07,0
2.2,0.09,0
10.9,0.43,0
31.6,0.40,1
27.6,0.87,2
10.2,0.47,0
18.1,0.23,0
15.5,0.67,2
30.1,0.98,3
-2.7,0.08,0
-0.5,0.18,0
1.9,0.90,2
20.9,0.97,2
19.2,0.70,2
26.3,0.90,2
8.7,0.57,0
30.6,0.45,1
31.8,0.56,1
31.3,0.89,3
29.8,0.59,0
-6.5,0.87,2
24.8,0.70,2
19.0,0.85,2
16.2,0.70,2
36.6,0.51,1
9.5,0.46,0
-5.2,0.75,2
9.6,0.94,2
-1.8,0.44,0
9.0,0.38,0
-9.0,0.72,2
-9.1,0.40,0
16.4,0.97,2
20.1,0.98,2
0.9,0.79,2
6.8,0.73,2
15.6,0.46,0
-8.2,0.29,0
28.8,0.42,0
36.8,0.97,3
26.9,0.59,0
4.9,0.57,0
22.1,0.46,0
1.2,0.70,2
40.0,0.69,3
9.4,0.85,2
15.7,0.69,2
17.6,0.29,0
15.8,0.98,2
6.4,0.86,2
16.0,0.92,2
35.6,0.78,3
17.1,0.65,2
3.1,0.67,2
-9.9,0.22,0
-7.8,0.51,0
11.6,0.09,0
31.1,0.82,3
26.8,0.10,0
5.8,0.65,2
36.9,0.54,1
32.1,0.93,3
0.4,0.46,0
9.8,0.52,0
-6.7,0.80,2
13.3,0.05,0
25.8,0.93,2
30.1,0.25,1
21.3,0.40,0
-8.4,0.78,2
10.6,0.82,2
28.2,0.70,2
5.1,0.03,0
14.9,0.30,0
8.2,0.67,2
27.5,0.06,0
25.4,0.88,2
30.3,0.33,1
21.4,0.92,2
-8.1,0.01,0
-8.8,0.95,2
-8.0,0.99,2
5.3,0.29,0
3.5,0.20,0
12.7,0.71,2
1.4,0.65,2
11.5,0.13,0
34.1,0.90,3
2.2,0.91,2
23.7,0.85,2
24.4,0.14,0
32.3,0.13,1
1.4,0.20,0
35.3,0.42,1
5.4,0.29,0
20.9,0.35,0
1.3,0.85,2
23.8,0.21,0
37.5,0.13,1
12.7,0.07,0
18.8,0.48,0
25.4,0.87,2
19.9,0.34,0
36.8,0.69,3
4.2,0.90,2
37.8,0.20,1
2.6,0.72,2
22.2,0.17,0
-4.3,0.51,0
-8.1,0.39,0
15.5,0.32,0
27.1,0.83,2
3.9,0.07,0
21.0,0.07,0
-4.1,0.05,0
-9.4,0.07,0
20.0,0.17,0
-6.4,0.45,0
-3.8,0.54,0
-2.1,0.23,0
21.1,0.24,0
34.1,0.99,3
-3.4,0.64,2
38.0,0.32,1
25.8,0.02,0
13.9,0.97,2
-2.3,0.01,0
35.5,0.58,1
19.9,0.36,0
29.4,0.95,2
4.1,0.43,0
24.9,0.84,2
26.4,0.60,0
27.9,0.64,2
-3.0,0.78,2
-8.9,0.02,0
31.9,0.64,3
-3.6,0.70,2
4.7,0.92,2
21.5,0.45,0
35.6,0.97,3
27.7,0.02,0
12.3,0.73,2
6.8,0.41,0
39.7,0.41,1
1.7,0.96,2
10.8,0.01,0
35.9,0.36,1
7.6,0.06,0
14.0,0.15,0
0.1,0.91,2
15.8,0.15,0
-2.1,0.16,0
13.0,0.30,0
30.8,0.90,3
8.5,0.33,0
34.5,0.66,3
33.2,0.90,3
-7.8,0.33,0
6.3,0.87,2
16.2,0.06,0
12.0,0.40,0
1.8,0.22,0
17.4,0.08,0
-3.2,0.31,0
-4.6,0.60,2
-5.5,0.49,0
15.1,0.93,2
10.4,0.01,0
10.5,0.22,0
19.8,0.73,2
16.0,0.76,2
31.5,0.34,1
27.5,0.05,0
34.6,0.19,1
13.0,0.01,0
6.4,0.11,0
-0.7,0.01,0
9.6,0.19,0
-9.1,0.83,2
37.1,0.52,1
10.2,0.11,0
33.2,0.93,3
3.9,0.03,0
-1.5,0.59,0
37.8,0.62,3
39.8,0.42,1
6.9,0.27,0
-2.8,0.73,2
25.9,0.34,0
-5.1,0.05,0
26.8,0.62,2
-6.9,0.44,0
16.3,0.15,0
19.3,0.49,0
29.6,0.42,0
28.8,0.14,0
23.4,0.59,0
17.7,0.23,0
28.0,0.71,2
3.8,0.04,0
38.1,0.59,1
-0.2,0.52,0
25.5,0.80,2
30.3,0.82,3
33.5,0.81,3
34.1,0.24,1
26.6,0.70,2
19.8,0.21,0
26.2,0.34,0
15.2,0.91,2
-1.0,0.09,0
-1.7,0.52,0
25.0,0.17,0
29.4,0.23,0
32.5,0.59,1
9.8,0.01,0
-2.4,0.37,0
37.2,0.74,3
-5.8,0.48,0
16.1,0.63,2
-8.6,0.18,0
29.0,0.02,0
5.4,0.68,2
19.2,0.77,2
25.2,0.68,2
-1.7,0.27,0
28.4,0.97,2
38.4,0.23,1
-9.8,0.07,0
8.8,0.85,2
5.8,0.53,0
18.9,0.66,2
-8.6,0.83,2
33.1,0.41,1
34.8,0.19,1
16.0,0.25,0
28.8,0.64,2
4.7,0.19,0
32.1,0.13,1
-3.1,0.56,0
32.9,0.97,3
23.6,0.75,2
-1.8,0.21,0
0.9,0.20,0
27.4,0.87,2
-8.3,0.64,2
20.6,0.74,2
2.2,0.80,2
26.1,0.68,2
6.4,0.40,0
37.2,0.67,3
7.5,0.72,2
28.7,0.22,0
15.4,0.66,2
28.2,0.67,2
-4.1,1.00,2
8.2,0.81,2
-4.0,0.23,0
4.1,0.31,0
39.9,0.41,1
32.9,0.55,1
-4.4,0.21,0
36.7,0.69,3
-0.9,0.43,0
-8.2,0.58,0
28.5,0.18,0
-7.5,0.05,0
19.2,0.74,2
-7.5,0.24,0
36.4,0.05,1
-7.8,0.33,0
24.4,0.81,2
20.1,0.26,0
20.4,0.16,0
7.4,0.63,2
19.4,0.94,2
35.9,0.53,1
21.2,0.16,0
14.1,0.78,2
6.6,0.48,0
21.9,0.11,0
3.6,0.95,2
19.0,0.73,2
35.6,0.34,1
38.4,0.98,3
-0.5,0.52,0
26.5,0.44,0
-5.5,0.12,0
26.5,0.91,2
6.1,0.43,0
9.7,0.66,2
29.8,0.26,0
8.0,0.89,2
39.4,0.84,3
-6.1,0.60,2
15.0,0.05,0
-0.1,0.13,0
5.2,0.35,0
-6.7,0.90,2
-4.0,0.60,2
32.6,0.14,1
-3.1,0.99,2
34.5,0.40,1
-7.6,0.68,2
34.1,0.30,1
28.9,0.12,0
2.3,0.82,2
26.1,0.50,0
9.2,0.18,0
23.3,0.93,2
28.3,0.38,0
35.7,0.30,1
11.8,0.95,2
4.3,0.26,0
39.3,0.30,1
13.2,0.12,0
-9.9,0.91,2
11.3,0.75,2
-9.4,0.88,2
21.5,0.15,0
22.5,0.66,2
-2.5,0.74,2
17.6,0.15,0
29.1,0.61,2
2.4,0.94,2
27.3,0.70,2
14.7,0.15,0
17.7,0.91,2
27.6,0.31,0
13.0,0.42,0
3.3,0.92,2
34.8,0.35,1
2.6,0.15,0
37.2,0.94,3
31.1,0.50,1
27.9,0.15,0
19.3,0.29,0
27.8,0.05,0
34.3,0.28,1
15.6,0.02,0
21.9,0.76,2
14.1,0.81,2
24.0,0.11,0
-5.9,0.45,0
31.2,0.49,1
12.9,0.16,0
14.2,0.91,2
10.9,0.73,2
10.7,0.45,0
10.9,0.61,2
2.5,0.33,0
18.5,0.17,0
8.6,0.30,0
30.2,0.40,1
2.1,0.21,0
18.3,0.59,0
20.5,0.86,2
19.8,0.78,2
0.8,0.15,0
31.5,0.86,3
4.4,0.84,2
19.4,0.84,2
25.9,0.01,0
35.3,0.28,1
29.6,0.20,0
15.7,0.71,2
-0.7,0.73,2
-4.5,0.15,0
-7.7,0.19,0
12.2,0.08,0
7.0,0.77,2
23.1,0.07,0
-2.1,0.81,2
23.2,0.29,0
5.7,0.70,2
36.8,0.87,3
18.6,0.50,0
35.1,0.10,1
-9.9,0.87,2
22.8,0.36,0
31.8,0.90,3
20.5,0.21,0
37.1,0.01,1
26.0,0.72,2
35.2,0.91,3
15.2,0.61,2
26.0,0.12,0
-3.4,0.72,2
24.0,0.69,2
26.8,0.29,0
24.4,0.35,0
16.3,0.14,0
20.1,0.42,0
36.5,0.90,3
-3.8,0.53,0
12.8,0.93,2
36.0,0.83,3
11.4,0.00,0
30.5,0.35,1
-7.5,0.64,2
33.4,0.12,1
8.2,0.26,0
38.2,0.12,1
1.7,0.47,0
-0.5,0.94,2
4.9,0.72,2
6.2,0.67,2
-2.1,0.82,2
34.7,0.74,3
30.3,0.19,1
15.9,0.96,2
14.1,0.90,2
6.1,0.43,0
-7.5,0.75,2
5.9,0.55,0
5.0,0.78,2
27.0,0.34,0
17.1,0.16,0
5.3,0.90,2
9.5,0.89,2
18.2,0.04,0
6.0,0.84,2
15.2,0.19,0
35.5,0.03,1
14.1,0.77,2
10.3,0.82,2
-6.9,0.48,0
-6.9,0.08,0
13.8,0.90,2
39.6,0.12,1
-5.2,0.59,0
-8.3,0.90,2
23.2,0.91,2
26.5,0.18,0
15.5,0.94,2
23.4,0.06,0
-0.8,0.32,0
37.2,0.72,3
38.8,0.22,1
-4.3,0.54,0
25.0,0.52,0
7.6,0.62,2
3.8,0.30,0
3.1,0.56,0
10.0,0.36,0
39.2,0.26,1
21.8,0.91,2
30.2,0.81,3
37.2,0.24,1
27.3,0.02,0
-8.9,0.38,0
29.1,0.38,0
-5.3,0.35,0
34.2,0.26,1
24.0,0.96,2
18.8,0.25,0
23.0,0.14,0
-8.7,0.57,0
-5.6,0.76,2
26.9,0.13,0
34.4,0.96,3
11.6,0.69,2
24.7,0.28,0
-9.2,0.01,0
0.0,0.30,0
-7.8,0.46,0
23.8,0.39,0
17.0,0.14,0
-2.6,0.87,2
16.5,0.86,2
37.0,0.72,3
34.5,0.16,1
19.9,0.07,0
33.5,0.86,3
37.9,0.82,3
-9.3,0.31,0
-7.3,0.09,0
-3.0,0.98,2
-2.8,0.73,2
17.2,0.89,2
39.6,0.33,1
24.4,0.83,2
-1.8,0.21,0
-0.4,0.06,0
-7.3,0.31,0
35.4,0.34,1
-0.5,0.33,0
0.8,0.60,2
30.8,0.26,1
29.8,0.86,2
18.5,0.26,0
6.1,0.14,0
4.1,0.57,0
6.5,0.74,2
-4.8,0.71,2
25.9,0.16,0
14.8,0.35,0
-3.7,0.62,2
4.8,0.54,0
17.9,0.46,0
10.4,0.19,0
-10.0,0.71,2
23.0,0.51,0
5.5,0.45,0
-1.3,0.15,0
29.6,0.70,2
24.2,0.10,0
-9.0,0.39,0
29.3,0.28,0
23.5,0.39,0
19.6,0.33,0
36.8,0.25,1
23.0,0.29,0
4.5,0.56,0
38.1,0.53,1
9.0,0.35,0
-0.8,0.44,0
23.0,0.01,0
8.1,0.75,2
23.9,0.90,2
-7.5,0.96,2
39.8,0.85,3
37.2,0.80,3
7.9,0.77,2
26.3,0.51,0
10.4,0.01,0
12.6,0.67,2
37.7,0.60,1
-2.2,0.98,2
1.9,0.44,0
31.2,0.74,3
7.3,0.70,2
34.3,0.04,1
31.7,0.24,1
-9.9,0.48,0
8.5,0.24,0
-4.8,0.85,2
38.2,0.13,1
28.7,0.81,2
4.4,0.15,0
6.3,0.89,2
24.0,0.75,2
7.6,0.45,0
20.9,0.77,2
-7.2,0.73,2
20.8,0.29,0
23.5,0.02,0
27.6,0.15,0
14.8,0.64,2
-0.9,0.44,0
16.9,0.95,2
28.4,0.31,0
31.4,0.90,3
23.5,0.68,2
11.3,0.83,2
20.2,0.44,0
38.7,0.61,3
29.4,0.17,0
-1.4,0.12,0
0.8,0.68,2
3.6,0.92,2
14.7,0.39,0
8.3,0.84,2
21.4,0.11,0
30.7,0.94,3
1.1,0.64,2
-6.9,0.77,2
23.0,0.62,2
12.8,0.04,0
12.6,0.70,2
21.4,0.78,2
22.6,0.94,2
30.9,0.98,3
14.3,0.74,2
31.4,0.55,1
22.9,0.96,2
16.2,0.10,0
31.1,0.46,1
20.4,0.44,0
20.7,0.25,0
14.5,0.75,2
9.9,0.55,0
-2.7,0.53,0
8.3,0.38,0
12.9,0.99,2
28.3,0.57,0
35.5,0.46,1
16.4,0.50,0
-3.5,0.03,0
33.0,0.43,1
18.7,0.37,0
-3.6,0.46,0
11.4,0.41,0
21.9,0.41,0
27.5,0.34,0
36.9,0.87,3
20.7,0.65,2
-3.4,0.97,2
16.9,0.91,2
22.8,0.39,0
35.3,0.17,1
33.8,0.79,3
28.6,0.50,0
28.7,0.92,2
23.5,0.03,0
12.6,0.13,0
10.2,0.73,2
23.9,0.83,2
-5.1,0.67,2
12.3,0.45,0
19.8,0.99,2
-8.8,0.93,2
12.2,0.72,2
19.4,0.47,0
17.7,0.52,0
27.5,0.25,0
-8.7,0.38,0
2.4,0.15,0
-6.2,0.26,0
25.2,0.74,2
13.7,0.49,0
8.0,0.25,0
27.7,0.81,2
24.8,0.08,0
33.0,0.13,1
25.1,0.52,0
30.2,0.34,1
26.1,0.05,0
35.5,0.71,3
8.7,0.36,0
10.8,0.94,2
2.0,0.52,0
-4.1,0.98,2
4.0,0.93,2
10.2,0.32,0
-1.3,0.96,2
12.5,0.17,0
19.5,0.91,2
15.5,0.77,2
-2.5,0.59,0
32.1,0.81,3
22.9,0.79,2
7.0,0.56,0
37.7,0.48,1
14.9,0.32,0
-4.6,0.57,0
37.2,0.00,1
31.3,0.76,3
0.8,0.40,0
25.3,0.55,0
-6.6,0.20,0
6.8,0.11,0
31.3,0.02,1
15.5,0.61,2
-7.8,0.06,0
-2.9,0.10,0
15.9,0.15,0
8.1,0.02,0
9.8,0.50,0
12.1,0.61,2
35.7,0.14,1
35.6,0.98,3
19.7,0.56,0
-8.9,0.36,0
9.8,0.74,2
-3.6,0.36,0
32.5,0.69,3
21.8,0.62,2
18.7,0.05,0
17.5,0.84,2
-6.1,0.57,0
8.1,0.76,2
35.1,0.85,3
2.2,0.65,2
20.3,0.98,2
-1.7,0.75,2
31.7,0.37,1
-1.4,0.08,0
28.8,0.63,2
3.3,0.00,0
-2.8,0.01,0
22.4,0.33,0
28.5,0.27,0
34.7,0.61,3
37.4,0.97,3
11.0,0.15,0
19.1,0.99,2
19.2,0.57,0
3.0,0.40,0
4.9,0.09,0
-9.7,0.92,2
10.5,0.29,0
8.9,0.85,2
34.0,0.63,3
-1.9,0.06,0
32.1,0.30,1
0.1,0.33,0
1.7,0.11,0
34.1,0.68,3
4.8,0.96,2
18.1,0.90,2
-8.6,0.91,2
5.0,0.68,2
16.1,0.17,0
-1.2,0.33,0
-4.8,0.17,0
18.5,0.96,2
38.6,0.90,3
35.9,0.79,3
-3.2,0.90,2
-8.8,0.65,2
-4.5,0.89,2
13.6,0.82,2
25.1,0.96,2
35.6,0.20,1
28.0,0.13,0
36.4,0.87,3
16.4,0.84,2
1.1,0.92,2
24.1,0.27,0
33.4,0.46,1
16.7,0.54,0
-2.8,0.20,0
28.6,0.39,0
21.9,0.75,2
39.1,0.19,1
37.4,0.64,3
-4.0,0.12,0
5.2,0.79,2
-8.7,0.23,0
5.5,0.72,2
36.5,0.54,1
0.2,0.80,2
14.0,0.87,2
37.8,0.43,1
-6.1,0.62,2
7.2,0.64,2
29.0,0.07,0
23.9,0.85,2
16.2,0.34,0
13.5,0.69,2
10.5,0.45,0
10.5,0.93,2
20.4,0.47,0
2.4,0.87,2
0.9,0.25,0
8.2,0.06,0
4.3,0.82,2
31.4,0.55,1
23.0,0.52,0
1.4,0.23,0
-6.7,0.27,0
14.2,0.91,2
20.8,0.43,0
-1.6,0.72,2
34.8,0.56,1
35.3,0.71,3
-5.1,1.00,2
17.3,0.57,0
11.5,0.89,2
11.4,0.33,0
31.4,0.71,3
39.2,0.52,1
-7.6,0.48,0
31.9,0.97,3
9.7,0.81,2
19.7,0.46,0
14.3,0.89,2
29.6,0.93,2
6.6,0.97,2
-0.4,0.80,2
17.5,0.02,0
22.0,0.76,2
11.1,0.23,0
-9.5,0.85,2
38.0,0.13,1
38.1,0.13,1
21.9,0.09,0
-2.4,0.26,0
-7.4,0.51,0
33.6,0.12,1
37.0,0.77,3
-2.7,0.37,0
1.7,0.08,0
17.7,0.63,2
37.9,0.70,3
2.2,0.43,0
16.3,0.99,2
18.9,0.64,2
24.3,0.02,0
22.0,0.42,0
18.0,0.61,2
-0.7,0.65,2
2.7,0.15,0
16.6,0.29,0
33.5,0.75,3
17.8,0.03,0
36.6,0.14,1
27.7,0.11,0
-1.8,0.28,0
-1.3,0.52,0
23.0,0.75,2
11.9,0.38,0
31.9,0.01,1
35.8,0.64,3
-2.2,0.08,0
19.9,0.69,2
-6.3,0.68,2
30.5,0.15,1
-7.1,0.42,0
26.5,0.52,0
23.2,0.31,0
32.7,0.39,1
15.9,0.45,0
27.8,0.19,0
21.8,0.43,0
16.3,0.29,0
6.3,0.58,0
13.4,0.48,0
2.2,0.03,0
7.7,0.64,2
1.5,0.85,2
6.3,0.15,0
15.8,0.05,0
29.9,0.03,0
23.5,0.30,0
4.5,0.23,0
25.0,0.65,2
30.4,0.35,1
33.6,0.67,3
16.3,0.46,0
31.6,0.61,3
10.7,0.46,0
10.1,0.59,0
37.0,0.76,3
36.2,0.75,3
2.1,0.55,0
13.7,0.19,0
39.0,0.42,1
13.1,0.58,0
-1.6,0.44,0
-9.3,0.11,0
12.1,0.05,0
28.2,0.40,0
13.7,0.77,2
3.9,0.86,2
5.4,0.56,0
13.2,0.09,0
34.2,0.67,3
29.6,0.76,2
16.3,0.70,2
23.8,0.89,2
18.2,0.67,2
28.8,0.85,2
15.2,0.68,2
-5.8,0.73,2
23.7,0.81,2
23.2,0.15,0
29.0,0.82,2
7.3,0.17,0
19.7,0.51,0
-9.0,0.92,2
24.7,0.39,0
26.4,0.34,0
18.4,0.91,2
-1.9,0.63,2
27.5,0.83,2
27.6,0.10,0
13.9,0.06,0
31.7,0.77,3
32.0,0.40,1
38.4,0.85,3
23.1,0.80,2
11.2,0.32,0
6.6,0.58,0
4.1,0.23,0
3.3,0.05,0
15.5,0.34,0
7.3,0.49,0
35.9,0.15,1
21.5,0.51,0
20.5,0.79,2
38.4,0.85,3
1.8,1.00,2
17.9,0.29,0
35.0,0.42,1
22.9,0.07,0
13.9,0.20,0
6.5,1.00,2
23.8,0.27,0
-9.1,0.31,0
3.4,0.75,2
37.8,0.40,1
34.2,0.90,3
29.5,0.83,2
12.6,0.64,2
26.2,0.40,0
27.4,0.55,0
27.2,0.44,0
-7.8,0.54,0
37.5,0.50,1
37.4,0.38,1
19.4,0.43,0
23.4,0.24,0
-1.4,0.32,0
37.8,0.24,1
4.2,0.65,2
17.5,0.19,0
9.6,0.72,2
33.5,0.31,1
3.4,0.92,2
-9.8,0.04,0
32.4,0.68,3
12.2,0.78,2
-1.1,0.51,0
6.6,0.08,0
15.7,0.24,0
33.0,0.44,1
21.0,0.87,2
0.4,0.70,2
-2.5,0.07,0
25.0,0.40,0
-4.8,0.07,0
-1.0,0.27,0
1.9,0.86,2
18.6,0.56,0
16.5,0.69,2
1.9,0.02,0
16.9,0.13,0
7.4,0.86,2
28.4,0.61,2
3.0,0.42,0
22.0,0.57,0
-5.6,0.74,2
24.9,0.43,0
11.0,0.26,0
-7.5,0.26,0
5.3,0.89,2
2.6,0.52,0
28.0,0.16,0
0.9,0.91,2
34.7,0.65,3
26.5,0.50,0
-7.7,0.60,0
37.4,0.94,3
30.9,0.45,1
22.7,0.42,0
10.6,0.57,0
19.8,0.01,0
-8.7,0.36,0
9.4,0.69,2
9.8,0.65,2
36.8,0.78,3
0.4,0.76,2
-6.7,0.22,0
25.7,0.95,2
17.9,0.77,2
36.2,0.85,3
-2.1,0.66,2
30.8,0.85,3
8.6,0.68,2
39.0,0.46,1
11.9,0.35,0
14.8,0.14,0
-3.0,0.80,2
17.3,0.40,0
5.8,0.44,0
36.4,0.21,1
-8.9,0.49,0
26.9,0.38,0
27.1,0.59,0
-7.1,0.31,0
15.9,0.92,2
13.4,0.96,2
27.0,0.07,0
-8.5,0.43,0
18.2,0.07,0
3.4,0.02,0
5.6,0.21,0
0.2,0.75,2
3.0,0.82,2
-4.8,0.36,0
22.3,0.19,0
38.3,0.67,3
20.2,0.88,2
4.8,0.92,2
15.5,0.11,0
36.0,0.19,1
26.8,0.66,2
26.7,0.23,0
24.1,0.40,0
-9.0,0.34,0
3.9,0.75,2
27.2,0.58,0
39.5,0.75,3
6.3,0.48,0
31.7,0.80,3
4.8,0.73,2
26.7,0.84,2
-0.8,0.46,0
31.5,0.99,3
10.4,0.52,0
9.7,0.83,2
14.9,0.35,0
7.0,0.42,0
6.4,0.98,2
-0.8,0.45,0
25.6,0.33,0
8.9,0.37,0
37.0,0.79,3
-3.6,0.71,2
-6.1,0.01,0
7.4,0.93,2
20.2,0.88,2
7.2,0.80,2
33.7,0.74,3
5.0,0.39,0
37.1,0.69,3
9.8,0.06,0
-3.1,0.82,2
34.8,0.59,1
-0.1,0.43,0
-2.9,0.37,0
36.3,0.97,3
24.8,0.53,0
25.6,0.99,2
0.4,0.98,2
29.4,0.89,2
38.1,0.08,1
25.0,0.50,0
12.6,0.84,2
1.7,0.57,0
39.7,0.60,1
-4.6,0.86,2
21.0,0.07,0
27.9,0.46,0
-0.2,0.88,2
-5.2,0.30,0
36.5,0.39,1
6.7,0.26,0
36.0,0.27,1
-4.5,0.83,2
13.1,0.53,0
29.2,0.12,0
-4.8,0.15,0
33.4,0.13,1
12.0,0.97,2
8.1,0.79,2
14.3,0.30,0
15.5,0.93,2
40.0,0.47,1
31.5,0.79,3
-1.5,0.54,0
30.0,0.49,1
3.7,0.26,0
39.8,0.24,1
33.2,0.84,3
37.7,0.47,1
28.7,0.51,0
1.5,0.91,2
39.5,0.58,1
12.8,0.71,2
5.2,0.42,0
20.4,0.36,0
1.1,0.24,0
36.7,0.19,1
28.0,0.29,0
3.6,0.73,2
13.8,0.69,2
-3.9,0.96,2
26.7,0.92,2
35.6,0.52,1
8.4,0.97,2
-4.3,0.87,2
-5.3,0.52,0
8.3,0.30,0
17.7,0.99,2
16.4,0.73,2
31.1,0.98,3
7.6,0.31,0
-8.9,0.05,0
0.7,0.05,0
25.5,0.25,0
23.7,0.62,2
20.4,0.44,0
7.6,0.13,0
16.7,0.49,0
17.4,0.71,2
-7.5,0.30,0
-7.4,0.25,0
29.5,0.08,0
-4.9,0.71,2
4.8,0.94,2
21.8,0.05,0
16.7,0.54,0
26.4,0.73,2
38.9,0.50,1
39.2,0.28,1
6.9,0.36,0
6.4,1.00,2
-6.8,0.61,2
5.6,0.88,2
35.1,0.10,1
-2.1,0.44,0
20.1,0.43,0
23.5,0.73,2
25.4,0.96,2
7.6,0.52,0
-0.4,0.21,0
8.6,0.80,2
5.4,0.72,2
23.0,0.68,2
33.2,0.99,3
38.9,0.06,1
32.6,0.11,1
3.5,0.36,0
-6.0,0.90,2
-6.6,0.47,0
13.2,0.53,0
21.0,0.37,0
27.0,0.45,0
6.8,0.90,2
37.8,0.75,3
19.1,0.98,2
26.0,0.01,0
-0.1,0.95,2
26.6,0.60,2
7.2,0.24,0
-7.2,0.89,2
12.9,0.42,0
19.1,0.33,0
27.1,0.28,0
14.4,0.19,0
17.0,0.76,2
9.1,0.71,2
-7.7,0.12,0
4.1,0.98,2
20.9,0.71,2
32.6,0.79,3
-2.2,0.72,2
-3.0,0.74,2
19.6,0.40,0
2.9,0.69,2
30.6,0.93,3
13.4,0.38,0
0.4,0.13,0
2.5,0.06,0
0.8,0.74,2
-4.3,0.73,2
9.3,0.91,2
-5.9,0.46,0
29.6,0.75,2
27.9,0.90,2
1.2,0.06,0
35.6,0.84,3
-6.1,0.99,2
33.6,0.56,1
37.5,0.18,1
38.4,0.62,3
8.1,0.20,0
1.7,0.16,0
0.6,0.25,0
9.5,0.92,2
14.9,0.11,0
38.4,0.45,1
-9.5,0.82,2
13.9,0.98,2
6.9,0.96,2
22.7,0.87,2
24.1,0.49,0
31.9,0.50,1
2.3,0.06,0
5.9,0.68,2
8.2,0.23,0
28.3,0.86,2
-1.1,0.83,2
5.2,0.43,0
15.8,0.71,2
-6.3,0.44,0
24.1,0.83,2
38.9,0.84,3
39.4,0.81,3
30.9,0.36,1
5.5,0.29,0
16.5,0.94,2
-8.9,0.81,2
37.0,0.38,1
32.2,0.89,3
30.5,0.98,3
12.4,0.90,2
-6.2,0.89,2
23.9,0.63,2
39.5,0.71,3
33.6,0.14,1
22.2,0.40,0
17.3,0.38,0
14.6,0.59,0
-5.0,0.96,2
27.2,0.55,0
19.0,0.43,0
-8.1,0.07,0
0.3,0.61,2
12.6,0.22,0
37.2,0.17,1
33.6,0.08,1
33.6,0.69,3
0.1,0.31,0
-0.5,0.02,0
-2.7,0.62,2
23.4,0.64,2
12.5,0.10,0
18.8,0.37,0
-9.0,0.58,0
-6.9,0.62,2
37.0,0.62,3
32.7,0.41,1
5.3,0.18,0
10.9,0.56,0
17.4,0.18,0
38.6,0.17,1
-2.3,0.77,2
0.7,0.43,0
-4.8,0.26,0
36.9,0.53,1
22.7,0.26,0
29.0,0.57,0
2.4,0.73,2
5.9,0.72,2
17.8,0.31,0
4.7,0.70,2
-4.7,0.39,0
-4.5,0.45,0
11.4,0.82,2
30.8,0.23,1
-7.9,0.21,0
10.5,0.32,0
32.9,0.42,1
4.2,0.92,2
12.7,0.04,0
-6.8,0.83,2
32.7,0.46,1
-1.9,0.52,0
13.8,0.60,0
1.6,0.80,2
14.7,0.85,2
35.6,0.43,1
8.9,0.30,0
35.4,0.85,3
5.3,0.51,0
-4.8,0.33,0
12.9,0.36,0
19.1,0.44,0
13.0,0.82,2
-1.2,0.23,0
-2.1,0.80,2
19.1,0.02,0
1.9,0.86,2
2.8,0.52,0
-5.5,0.01,0
16.3,0.42,0
27.2,0.72,2
-0.3,0.57,0
-0.1,0.59,0
-8.5,0.17,0
6.2,0.19,0
10.6,0.30,0
31.0,0.18,1
20.8,0.78,2
21.6,0.49,0
34.0,0.09,1
20.7,0.47,0
38.8,0.39,1
11.7,0.27,0
6.8,0.47,0
34.4,0.51,1
35.1,0.15,1
33.5,0.85,3
37.8,0.72,3
4.0,0.15,0
-7.3,0.52,0
7.9,0.45,0
27.8,0.14,0
-5.6,0.23,0
30.1,0.62,3
38.2,0.02,1
23.3,0.81,2
-7.7,0.57,0
11.5,0.93,2
17.2,0.37,0
37.0,0.84,3
2.6,0.36,0
9.7,0.90,2
21.3,0.10,0
24.9,0.34,0
36.5,0.73,3
-0.9,0.69,2
-5.8,0.61,2
38.0,0.53,1
15.5,0.01,0
35.4,0.21,1
3.4,0.38,0
29.8,0.68,2
37.8,0.40,1
25.7,0.74,2
39.2,0.31,1
22.2,0.20,0
19.0,0.01,0
13.9,0.42,0
38.7,0.68,3
11.5,0.38,0
26.2,0.55,0
11.6,0.49,0
14.1,0.33,0
36.2,0.47,1
9.5,0.35,0
36.7,0.54,1
13.5,0.59,0
-3.6,0.93,2
36.2,0.84,3
22.2,0.24,0
27.6,0.29,0
-7.5,0.91,2
-4.6,0.35,0
7.0,0.35,0
34.7,0.41,1
18.2,0.14,0
-2.4,0.01,0
31.4,0.46,1
25.9,0.70,2
-4.8,0.14,0
32.5,0.15,1
20.1,0.93,2
9.2,0.30,0
22.4,0.28,0
25.1,0.37,0
8.0,0.53,0
35.4,0.78,3
19.4,0.98,2
11.1,0.94,2
24.7,0.48,0
26.8,0.12,0
24.9,0.52,0
11.8,0.18,0
15.2,0.79,2
38.6,0.88,3
16.5,0.29,0
34.0,0.03,1
8.2,0.53,0
35.8,0.76,3
3.0,0.51,0
-5.0,0.93,2
13.4,0.61,2
0.6,0.60,2
21.8,0.14,0
-1.2,0.97,2
29.8,0.51,0
33.1,0.36,1
25.3,0.93,2
20.7,0.78,2
23.2,0.29,0
-6.9,0.01,0
14.4,0.55,0
33.9,0.58,1
19.5,0.32,0
20.9,0.23,0
30.7,0.36,1
-3.5,0.89,2
-3.4,0.92,2
11.3,0.74,2
35.4,0.66,3
28.0,0.00,0
18.1,0.53,0
2.7,0.95,2
33.2,0.12,1
19.4,0.28,0
21.5,0.75,2
-3.5,0.49,0
27.6,0.88,2
28.5,0.23,0
39.1,0.31,1
-9.1,0.86,2
-5.1,0.38,0
4.6,0.02,0
9.5,0.96,2
-4.4,0.82,2
8.7,0.87,2
-1.1,0.20,0
23.2,0.88,2
1.0,0.68,2
33.7,0.48,1
-7.6,0.76,2
7.1,0.59,0
33.5,0.95,3
3.7,0.84,2
15.1,0.85,2
23.3,0.62,2
22.7,0.54,0
5.2,0.50,0
-7.7,0.13,0
-4.9,0.44,0
37.2,0.39,1
7.5,0.40,0
31.3,0.30,1
25.2,0.55,0
-5.9,0.76,2
-8.0,0.53,0
22.3,0.07,0
7.0,0.76,2
11.0,0.87,2
26.1,0.33,0
9.3,0.96,2
2.2,0.31,0
5.9,0.22,0
11.1,0.45,0
32.4,0.76,3
34.9,0.39,1
34.8,0.23,1
17.0,0.08,0
10.6,0.26,0
2.2,0.03,0
39.0,0.14,1
7.8,0.89,2
26.7,0.42,0
-0.7,0.66,2
-1.2,0.88,2
21.4,0.56,0
32.2,0.64,3
8.0,0.77,2
0.6,0.78,2
15.9,0.80,2
38.9,0.28,1
11.6,0.34,0
5.6,0.60,0
25.0,0.46,0
20.2,0.57,0
12.6,0.05,0
19.1,0.54,0
7.9,0.30,0
28.5,0.85,2
19.0,0.07,0
5.8,0.85,2
-1.8,0.18,0
30.5,0.24,1
29.0,0.94,2
24.5,0.52,0
17.8,0.53,0
1.7,0.84,2
24.4,0.42,0
3.1,0.47,0
29.4,0.43,0
1.6,0.95,2
29.5,0.22,0
14.3,0.61,2
39.0,0.51,1
4.3,0.93,2
34.5,0.09,1
4.8,0.98,2
11.8,0.30,0
6.2,0.14,0
23.2,0.94,2
6.7,0.29,0
15.1,0.24,0
34.1,0.14,1
-4.4,0.46,0
31.6,0.63,3
20.0,0.96,2
27.7,0.75,2
32.8,0.71,3
1.8,0.11,0
28.5,0.51,0
0.5,0.14,0
19.8,0.36,0
-9.5,0.61,2
-4.5,0.87,2
-4.2,0.54,0
30.2,0.46,1
8.4,0.15,0
2.4,0.55,0
0.9,0.47,0
20.3,0.44,0
-9.9,0.46,0
22.0,0.77,2
24.1,0.54,0
2.4,0.67,2
-4.0,0.89,2
36.8,0.22,1
1.4,0.03,0
2.3,0.64,2
12.2,0.57,0
15.7,0.12,0
1.0,0.79,2
2.2,0.65,2
15.8,0.26,0
37.7,0.28,1
34.4,0.55,1
29.3,0.40,0
38.7,0.72,3
20.8,0.65,2
0.3,0.92,2
20.8,0.85,2
10.5,0.81,2
16.9,0.28,0
0.4,0.97,2
8.6,0.13,0
21.0,0.84,2
16.4,0.66,2
23.8,0.69,2
26.8,0.29,0
33.5,0.73,3
4.9,0.03,0
-0.3,0.42,0
-4.2,0.85,2
-3.2,0.98,2
39.3,0.36,1
-6.6,0.55,0
38.4,0.88,3
32.0,0.56,1
17.0,0.74,2
21.4,0.31,0
36.0,0.09,1
1.2,0.55,0
16.5,0.85,2
-4.0,0.73,2
2.3,0.13,0
6.1,0.28,0
11.8,0.70,2
24.3,0.17,0
18.5,0.24,0
29.2,0.61,2
-9.0,0.49,0
25.5,0.88,2
11.6,0.49,0
-10.0,0.55,0
1.5,0.33,0
-5.5,0.36,0
10.7,0.57,0
6.9,0.41,0
31.8,0.95,3
-0.4,0.22,0
20.9,0.06,0
22.1,0.59,0
31.0,0.08,1
1.2,0.98,2
5.6,0.71,2
37.4,0.89,3
19.8,0.79,2
6.7,0.45,0
33.3,0.98,3
34.4,0.56,1
18.6,0.38,0
21.3,0.80,2
8.8,0.25,0
39.5,0.11,1
11.7,0.73,2
33.0,0.16,1
27.8,0.59,0
28.3,0.79,2
1.8,0.55,0
21.2,0.48,0
-1.7,0.04,0
35.6,0.56,1
35.2,0.17,1
1.4,0.11,0
7.6,0.53,0
26.7,0.76,2
-0.8,0.14,0
31.4,0.19,1
-1.2,0.94,2
24.9,0.72,2
-2.0,0.85,2
15.3,0.26,0
35.8,0.85,3
9.4,0.69,2
-3.9,0.22,0
36.4,0.32,1
13.7,0.32,0
36.2,0.67,3
2.0,0.15,0
37.3,0.22,1
22.1,0.14,0
14.9,0.81,2
4.8,0.09,0
14.9,0.74,2
32.9,0.46,1
4.7,0.31,0
10.6,0.19,0
9.0,0.84,2
23.0,0.83,2
4.5,0.94,2
20.9,0.56,0
31.3,0.92,3
28.7,0.82,2
36.4,0.97,3
-1.9,0.01,0
-5.6,0.01,0
8.3,0.26,0
36.8,0.92,3
16.5,0.27,0
25.0,0.43,0
19.4,0.62,2
3.1,0.56,0
-7.5,0.15,0
38.5,0.93,3
31.5,0.31,1
17.1,0.34,0
32.2,0.38,1
33.5,0.78,3
21.2,0.11,0
21.7,0.76,2
18.2,0.81,2
37.6,0.59,1
11.6,0.53,0
-0.6,0.80,2
23.5,0.67,2
23.2,0.49,0
37.5,0.98,3
39.4,0.17,1
38.6,0.67,3
15.8,0.66,2
38.7,0.22,1
12.2,0.68,2
25.4,0.92,2
17.6,0.46,0
2.1,0.39,0
8.7,0.59,0
-9.4,0.89,2
36.2,0.14,1
33.4,0.80,3
6.0,0.19,0
0.3,0.40,0
34.6,0.16,1
30.5,0.42,1
-7.6,0.35,0
-5.3,0.98,2
18.4,0.90,2
32.4,0.42,1
9.9,0.52,0
25.8,0.75,2
-9.5,0.44,0
20.5,0.04,0
-1.2,0.13,0
0.8,0.79,2
31.4,0.90,3
38.1,0.16,1
23.5,0.26,0
-3.7,0.90,2
6.4,0.66,2
33.5,0.38,1
16.5,0.59,0
24.6,0.13,0
1.4,0.95,2
21.2,0.12,0
27.7,0.61,2
39.9,0.18,1
33.7,0.65,3
13.3,0.95,2
7.5,0.65,2
10.4,0.20,0
30.2,0.14,1
29.0,0.05,0
36.0,0.12,1
0.7,0.08,0
11.0,0.51,0
30.8,0.78,3
38.5,0.77,3
4.7,0.54,0
11.4,0.58,0
29.3,0.98,2
3.0,0.99,2
6.5,0.58,0
-4.1,0.16,0
13.0,0.80,2
31.8,0.64,3
39.9,0.06,1
37.5,0.88,3
-9.6,0.96,2
10.4,0.36,0
0.1,0.02,0
32.8,0.75,3
30.5,0.55,1
31.1,0.92,3
36.5,0.41,1
-4.5,0.26,0
5.7,0.11,0
6.3,0.68,2
20.8,0.87,2
34.9,0.04,1
3.5,0.31,0
6.0,0.21,0
31.6,0.88,3
24.1,0.76,2
29.1,0.87,2
20.2,0.57,0
18.7,0.73,2
35.4,0.25,1
19.7,0.01,0
4.2,0.24,0
13.5,0.78,2
10.1,0.10,0
31.3,0.81,3
14.5,0.17,0
18.5,0.71,2
11.8,0.05,0
11.3,0.33,0
38.1,0.28,1
18.0,0.82,2
39.0,0.43,1
0.6,0.41,0
-7.9,0.38,0
-7.0,0.15,0
4.7,0.30,0
26.1,0.88,2
14.6,0.68,2
11.0,0.28,0
38.6,0.75,3
5.3,0.56,0
19.9,0.85,2
-4.5,0.16,0
17.7,0.68,2
-0.2,0.88,2
29.6,0.21,0
15.3,0.82,2
33.5,0.41,1
26.4,0.76,2
31.8,0.05,1
15.7,0.72,2
4.1,0.10,0
-0.7,0.13,0
-8.7,0.99,2
32.9,0.38,1
35.5,0.08,1
29.2,0.60,2
35.8,0.57,1
-8.7,0.44,0
-1.5,0.27,0
39.4,0.97,3
8.2,0.58,0
18.0,0.69,2
6.1,0.95,2
-4.2,0.02,0
0.4,0.73,2
7.2,0.82,2
12.8,0.90,2
3.0,0.38,0
-7.9,0.47,0
0.9,0.31,0
25.4,0.03,0
38.6,0.62,3
4.3,0.69,2
32.4,0.43,1
12.0,0.90,2
21.3,0.50,0
31.1,0.17,1
9.0,0.05,0
9.8,0.05,0
4.9,0.03,0
16.1,0.74,2
35.2,0.85,3
0.5,0.82,2
34.2,0.03,1
-4.0,0.31,0
-4.1,0.96,2
35.9,0.04,1
-9.3,0.20,0
0.5,0.19,0
-9.3,0.31,0
34.5,0.26,1
-2.2,0.06,0
4.6,0.11,0
10.1,0.83,2
24.7,0.05,0
-3.4,0.39,0
34.2,0.03,1
21.5,0.95,2
15.9,0.15,0
23.5,0.88,2
3.0,0.51,0
38.3,0.82,3
3.0,0.42,0
10.7,0.70,2
34.4,0.29,1
26.8,0.38,0
16.6,0.34,0
9.5,0.21,0
26.0,0.55,0
19.3,0.65,2
16.4,0.46,0
15.1,0.86,2
16.0,0.66,2
26.7,0.84,2
36.4,0.92,3
36.8,0.13,1
30.0,0.83,3
29.0,0.80,2
3.5,0.51,0
19.2,0.90,2
25.2,0.84,2
13.6,0.07,0
14.4,0.33,0
34.7,0.25,1
27.9,0.33,0
2.2,0.98,2
26.6,0.12,0
18.3,0.55,0
32.6,0.54,1
35.4,0.55,1
31.5,0.22,1
15.5,0.88,2
25.6,0.84,2
27.8,0.26,0
7.9,0.64,2
24.4,0.48,0
-0.4,0.20,0
12.3,0.23,0
24.6,0.40,0
17.8,0.68,2
14.2,0.51,0
38.9,0.21,1
19.0,0.09,0
10.0,0.41,0
39.5,0.65,3
16.6,0.66,2
20.8,0.02,0
-3.8,0.00,0
19.1,0.19,0
17.3,0.13,0
36.3,0.72,3
16.7,0.66,2
25.8,0.24,0
29.6,0.82,2
32.2,0.18,1
35.0,0.85,3
8.8,0.63,2
38.2,0.73,3
38.8,0.11,1
24.4,0.40,0
2.0,0.34,0
39.4,0.95,3
7.0,0.28,0
1.1,0.87,2
6.7,0.89,2
21.3,0.71,2
3.6,0.42,0
27.7,0.11,0
0.2,0.93,2
13.5,0.57,0
-3.8,0.81,2
9.7,0.80,2
24.5,0.21,0
36.0,0.06,1
-8.0,0.74,2
34.9,0.03,1
24.8,0.19,0
8.6,0.73,2
-9.3,0.14,0
39.8,0.12,1
38.4,0.54,1
1.2,0.62,2
27.1,0.35,0
31.4,0.73,3
3.5,0.03,0
23.1,0.18,0
24.0,0.88,2
13.3,0.68,2
7.9,0.88,2
29.8,0.44,0
-9.7,0.05,0
-6.1,0.67,2
1.3,0.26,0
7.1,0.78,2
8.8,0.71,2
14.1,0.06,0
-9.8,0.19,0
28.6,0.74,2
13.0,0.38,0
24.8,0.43,0
1.4,0.26,0
39.4,0.91,3
8.0,0.47,0
-4.0,0.34,0
-4.4,0.23,0
5.5,0.68,2
-1.8,0.58,0
33.1,0.33,1
-7.4,0.14,0
33.2,0.80,3
28.7,0.80,2
14.9,0.35,0
16.4,0.44,0
-6.8,0.38,0
-8.8,0.10,0
29.9,0.89,2
35.6,0.84,3
-4.0,0.55,0
8.1,0.81,2
-9.0,0.33,0
22.5,0.45,0
5.5,0.61,2
-1.0,0.13,0
3.7,0.20,0
-6.6,0.92,2
0.5,0.85,2
-7.7,0.33,0
26.0,0.52,0
19.7,0.20,0
-6.2,0.90,2
-2.0,0.13,0
36.3,0.65,3
0.1,0.53,0
24.4,0.60,0
30.3,0.49,1
-3.3,0.97,2
15.2,0.38,0
7.6,0.77,2
-2.2,0.06,0
-3.3,0.35,0
4.8,0.77,2
-9.8,0.30,0
38.4,0.61,3
37.1,0.57,1
26.2,0.03,0
21.5,0.24,0
6.6,0.33,0
10.7,0.58,0
6.7,0.94,2
34.6,0.89,3
-5.1,0.71,2
6.1,0.62,2
39.3,0.61,3
35.1,0.36,1
8.5,0.67,2
-8.9,0.62,2
36.2,0.13,1
13.6,0.45,0
30.0,0.45,1
20.2,0.76,2
39.7,0.56,1
22.6,0.21,0
2.7,0.99,2
26.1,0.77,2
7.1,0.37,0
23.6,0.96,2
2.9,0.92,2
2.4,0.80,2
11.4,0.81,2
35.2,0.72,3
24.2,0.73,2
25.8,0.65,2
-2.2,0.06,0
39.6,0.29,1
37.9,0.22,1
36.5,0.13,1
22.4,0.80,2
-1.8,0.65,2
34.2,0.29,1
27.0,0.01,0
27.0,0.49,0
24.2,0.73,2
4.9,0.65,2
7.1,0.00,0
19.0,0.07,0
0.1,0.42,0
3.8,0.37,0
39.4,0.99,3
36.3,0.82,3
7.5,0.61,2
28.3,0.00,0
27.1,0.09,0
-4.5,0.22,0
13.4,0.54,0
37.7,0.86,3
27.2,0.76,2
12.8,0.10,0
4.3,0.28,0
23.3,0.97,2
12.4,0.29,0
15.6,0.01,0
6.6,0.13,0
35.4,0.74,3
-0.8,0.12,0
2.2,0.39,0
0.0,0.17,0
-6.7,0.03,0
36.3,0.67,3
5.4,0.28,0
30.2,0.72,3
31.7,0.82,3
37.8,0.98,3
37.1,0.92,3
26.6,0.15,0
17.7,0.85,2
-2.2,0.42,0
1.7,0.61,2
21.7,0.51,0
-6.2,0.61,2
13.1,0.22,0
9.4,0.51,0
37.8,0.71,3
36.5,0.39,1
38.7,0.16,1
26.3,0.44,0
29.6,0.38,0
11.5,0.73,2
5.9,0.13,0
9.0,0.78,2
2.1,0.78,2
15.3,0.03,0
40.0,0.85,3
37.9,0.03,1
9.5,0.14,0
-2.5,0.94,2
19.3,0.98,2
10.9,0.12,0
3.5,0.95,2
14.6,0.61,2
2.4,0.23,0
33.0,0.87,3
-4.1,0.73,2
30.0,0.51,0
25.9,0.91,2
14.7,0.26,0
-1.2,0.42,0
38.5,0.56,1
21.2,0.94,2
34.7,0.49,1
7.5,0.03,0
22.5,0.92,2
5.4,0.34,0
-9.0,0.48,0
15.4,0.59,0
7.6,0.60,2
27.3,0.64,2
24.5,0.39,0
0.6,0.02,0
-9.0,0.21,0
37.9,0.72,3
26.5,0.87,2
19.3,0.35,0
-8.0,0.33,0
10.7,0.79,2
4.9,0.52,0
28.0,0.33,0
2.6,0.23,0
27.1,0.52,0
14.7,0.72,2
-8.6,0.39,0
30.6,0.71,3
5.2,0.33,0
21.2,0.06,0
9.3,0.70,2
26.4,0.44,0
26.2,0.16,0
12.2,0.15,0
12.4,0.12,0
13.3,0.19,0
24.7,0.37,0
30.1,0.86,3
20.6,0.98,2
19.9,0.33,0
-9.3,0.63,2
12.5,0.89,2
11.8,0.77,2
11.5,0.19,0
3.9,0.17,0
2.9,0.91,2
17.7,0.01,0
26.1,0.04,0
37.7,0.62,3
27.9,0.17,0
-3.4,0.08,0
-5.5,0.80,2
-1.3,0.41,0
-8.9,0.44,0
3.1,0.90,2
15.0,0.25,0
-5.4,0.97,2
31.4,0.65,3
27.8,0.43,0
37.0,0.49,1
33.6,0.66,3
13.5,0.27,0
19.7,0.81,2
12.5,0.26,0
8.7,0.56,0
30.0,0.77,3
-3.0,0.51,0
-3.7,0.11,0
26.6,0.44,0
13.8,0.37,0
-7.8,0.45,0
-1.9,0.88,2
21.4,0.02,0
12.6,0.68,2
14.2,0.85,2
-4.3,0.10,0
-5.8,0.61,2
4.8,0.60,2
34.4,0.91,3
9.2,0.35,0
29.5,0.82,2
39.1,0.34,1
36.2,0.50,1
29.4,0.34,0
33.0,0.73,3
5.5,0.35,0
15.6,0.38,0
23.7,0.37,0
-8.2,0.48,0
26.0,0.67,2
2.3,0.46,0
-4.8,0.83,2
5.0,0.54,0
10.5,0.48,0
39.6,0.24,1
0.2,0.05,0
18.0,0.64,2
16.7,0.57,0
23.2,0.83,2
-1.0,0.85,2
2.3,0.01,0
15.2,0.63,2
15.2,0.37,0
16.9,0.60,0
25.4,0.72,2
27.2,0.88,2
17.2,0.04,0
-4.3,0.93,2
14.5,0.96,2
32.0,0.39,1
4.5,0.72,2
2.5,0.29,0
11.0,0.67,2
20.8,0.46,0
23.5,0.10,0
10.1,0.66,2
-9.2,0.96,2
38.4,0.69,3
16.8,0.31,0
-7.8,0.18,0
0.8,0.67,2
-8.8,0.62,2
32.6,0.05,1
22.0,0.94,2
39.1,0.97,3
35.8,0.08,1
16.5,0.60,0
33.2,0.95,3
26.4,0.78,2
2.3,0.10,0
-0.1,0.11,0
-9.6,0.08,0
21.5,0.72,2
21.8,0.84,2
35.8,0.92,3
31.5,0.21,1
17.5,0.28,0
-3.6,0.62,2
36.3,0.52,1
33.1,0.48,1
3.2,0.92,2
9.2,0.31,0
33.7,0.75,3
1.1,0.71,2
2.5,0.89,2
-5.1,0.81,2
-8.6,0.12,0
-3.7,0.09,0
14.3,0.74,2
-1.7,0.88,2
7.7,0.04,0
4.4,0.68,2
-2.4,0.37,0
27.0,0.32,0
15.3,0.24,0
18.8,0.86,2
33.3,0.29,1
13.4,0.27,0
26.9,0.62,2
17.2,0.70,2
-0.2,0.08,0
3.8,0.56,0
0.2,0.06,0
2.1,0.95,2
25.5,0.35,0
12.5,0.99,2
-9.4,0.51,0
-2.3,0.71,2
1.2,0.54,0
8.8,0.97,2
4.9,0.85,2
38.6,0.15,1
23.0,0.68,2
-7.3,0.66,2
-8.7,0.65,2
29.7,0.90,2
19.4,0.37,0
-6.1,0.47,0
26.3,0.81,2
29.0,0.11,0
14.3,0.05,0
7.9,0.11,0
-4.2,0.00,0
21.1,0.68,2
13.1,0.00,0
31.9,0.47,1
25.1,0.78,2
22.7,0.67,2
-3.7,0.49,0
25.1,0.77,2
24.9,0.48,0
5.1,0.35,0
-1.9,0.78,2
-0.7,0.43,0
38.4,0.48,1
8.7,0.21,0
22.7,0.32,0
38.2,0.54,1
-7.6,0.63,2
23.0,0.14,0
6.6,0.01,0
36.7,0.95,3
31.8,0.55,1
-2.6,0.70,2
38.0,0.41,1
-5.2,0.44,0
-7.1,0.69,2
16.9,0.39,0
17.6,0.84,2
27.1,0.32,0
13.0,0.90,2
15.4,0.38,0
7.7,0.45,0
9.6,0.16,0
-6.3,0.05,0
19.9,0.96,2
0.3,0.49,0
30.4,0.05,1
25.2,0.10,0
35.8,0.33,1
3.0,0.04,0
13.5,0.39,0
25.7,0.71,2
3.5,0.06,0
31.6,0.15,1
-8.2,0.69,2
-3.2,0.66,2
3.4,0.28,0
18.4,0.18,0
31.6,0.34,1
-2.9,0.79,2
-9.1,0.17,0
24.2,0.66,2
3.3,0.55,0
-4.0,0.36,0
12.9,0.08,0
30.0,0.98,2
6.1,0.90,2
20.3,0.38,0
11.0,0.23,0
37.1,0.82,3
31.6,0.64,3
8.1,0.14,0
-2.3,0.90,2
34.5,0.85,3
6.1,0.60,0
0.5,0.15,0
3.7,0.91,2
7.1,0.77,2
-1.4,0.57,0
24.7,0.43,0
-9.5,0.76,2
4.4,0.07,0
39.5,0.94,3
16.3,0.69,2
-6.2,0.62,2
7.6,0.09,0
-7.0,0.72,2
12.1,0.39,0
-8.9,0.89,2
-4.4,0.86,2
-4.8,1.00,2
30.2,0.91,3
10.6,0.86,2
23.9,0.52,0
2.3,0.09,0
29.3,0.17,0
23.2,0.38,0
12.3,0.32,0
-3.5,0.88,2
-0.6,0.54,0
20.5,0.03,0
0.2,0.28,0
22.1,0.26,0
12.2,0.01,0
-0.6,0.74,2
29.4,0.29,0
14.2,0.08,0
-1.0,0.15,0
19.2,0.49,0
4.7,0.93,2
11.9,0.58,0
18.1,0.24,0
-2.6,0.13,0
-7.3,0.33,0
-6.5,0.60,2
21.5,0.72,2
13.3,0.28,0
33.9,0.98,3
7.6,0.45,0
8.9,0.67,2
32.0,0.20,1
35.2,0.31,1
28.0,0.67,2
11.0,0.27,0
-4.1,0.65,2
0.6,0.56,0
2.2,0.98,2
9.1,0.32,0
20.9,0.21,0
18.8,0.80,2
37.6,0.38,1
10.3,0.52,0
16.8,0.40,0
9.2,0.56,0
-9.7,0.69,2
27.4,0.11,0
32.0,0.59,1
36.7,0.13,1
31.5,0.78,3
32.4,0.88,3
7.5,0.53,0
39.2,0.99,3
10.6,0.89,2
24.3,0.56,0
-1.5,0.25,0
-6.7,0.27,0
36.3,0.41,1
-4.2,0.00,0
12.4,0.96,2
39.5,0.50,1
35.2,0.54,1
11.1,0.34,0
18.2,0.22,0
38.2,0.35,1
9.0,0.26,0
0.7,0.26,0
9.8,0.99,2
-0.2,0.99,2
24.0,0.23,0
-1.1,0.18,0
5.5,0.28,0
12.2,0.12,0
12.0,0.44,0
0.9,0.58,0
10.1,0.69,2
29.0,0.37,0
16.7,0.34,0
-5.3,0.45,0
4.2,0.51,0
29.5,0.28,0
38.8,0.50,1
-9.6,0.13,0
32.1,0.88,3
10.8,0.48,0
22.3,0.60,0
-4.1,0.01,0
32.9,0.50,1
31.5,0.47,1
3.8,0.56,0
29.1,0.32,0
8.1,0.57,0
20.2,0.49,0
7.3,0.54,0
25.0,0.92,2
27.8,0.09,0
2.7,0.58,0
9.8,0.94,2
18.5,0.89,2
23.3,0.00,0
2.1,0.57,0
-5.2,0.90,2
14.3,0.21,0
-9.5,0.59,0
26.0,0.61,2
-7.8,0.19,0
32.4,0.62,3
21.3,0.41,0
19.9,0.31,0
16.4,0.59,0
-5.3,0.22,0
-8.4,0.39,0
14.0,0.31,0
10.9,0.15,0
37.0,0.05,1
39.6,0.56,1
0.6,0.50,0
29.4,0.86,2
5.0,0.67,2
17.4,0.85,2
17.2,0.23,0
-0.4,0.75,2
-6.9,0.50,0
27.4,0.16,0
30.8,0.78,3
19.1,0.73,2
21.8,0.23,0
13.4,0.31,0
34.0,0.58,1
27.6,0.16,0
29.4,0.87,2
9.7,0.59,0
39.6,0.68,3
6.5,0.95,2
28.7,0.14,0
18.0,0.81,2
-8.3,0.97,2
21.6,0.45,0
35.7,0.27,1
39.9,0.60,3
10.3,0.54,0
25.3,0.83,2
2.8,0.51,0
-0.3,0.67,2
38.4,0.19,1
3.4,0.54,0
32.9,0.75,3
26.3,0.12,0
17.8,0.91,2
29.3,0.83,2
19.8,0.91,2
9.6,0.46,0
-0.9,0.86,2
-3.0,0.22,0
19.6,0.70,2
15.3,0.01,0
27.4,0.11,0
35.4,0.43,1
23.3,0.43,0
-4.8,0.31,0
34.6,0.80,3
8.4,0.26,0
24.7,0.02,0
-8.2,0.45,0
7.7,0.28,0
17.9,0.84,2
-8.6,0.17,0
-3.4,0.06,0
6.8,0.05,0
11.5,0.69,2
12.8,0.23,0
11.9,0.70,2
3.1,0.95,2
4.1,0.77,2
38.6,0.31,1
23.7,0.53,0
6.2,0.31,0
6.7,0.60,0
3.9,0.30,0
2.7,0.44,0
-3.9,0.28,0
14.4,0.65,2
20.6,0.03,0
37.1,0.40,1
6.3,0.95,2
18.4,0.50,0
-6.9,0.69,2
32.6,0.66,3
2.6,0.31,0
-4.0,0.99,2
39.5,0.71,3
-4.2,0.86,2
18.2,0.04,0
15.1,0.19,0
-9.0,0.28,0
11.8,0.14,0
17.6,0.12,0
33.3,0.48,1
13.8,0.17,0
3.5,0.76,2
23.8,0.37,0
10.8,0.87,2
-8.6,0.14,0
39.7,0.30,1
9.9,0.75,2
0.5,0.64,2
-5.1,0.51,0
20.8,0.90,2
25.7,0.64,2
6.9,0.01,0
33.6,0.81,3
22.4,0.34,0
6.7,0.42,0
9.3,0.17,0
8.6,0.22,0
2.8,0.19,0
19.0,0.87,2
30.1,0.68,3
-9.7,0.51,0
3.6,0.96,2
-7.6,0.07,0
-3.9,0.39,0
-3.4,0.89,2
19.6,0.33,0
14.1,0.72,2
33.3,0.27,1
-6.0,0.96,2
11.4,0.84,2
12.6,0.46,0
20.0,0.98,2
17.2,0.49,0
28.5,0.34,0
-0.5,0.61,2
32.7,0.31,1
9.1,0.58,0
-5.3,0.27,0
21.6,0.52,0
26.1,0.85,2
33.3,0.82,3
5.1,0.18,0
33.4,0.19,1
1.8,0.03,0
11.0,0.90,2
-7.6,0.07,0
21.0,0.14,0
32.8,0.11,1
1.4,0.80,2
22.9,0.14,0
-0.2,0.67,2
18.0,0.95,2
2.8,0.32,0
0.7,0.76,2
14.1,0.66,2
4.2,0.83,2
-0.9,0.32,0
19.4,0.62,2
29.7,0.63,2
0.8,0.99,2
25.1,0.67,2
7.3,0.74,2
-4.1,0.25,0
15.5,0.57,0
-9.6,0.21,0
2.7,0.21,0
4.4,0.96,2
36.9,0.86,3
25.4,0.71,2
30.7,0.71,3
24.5,0.42,0
-8.9,0.32,0
-8.5,0.44,0
15.5,0.22,0
12.5,0.08,0
-2.9,0.44,0
-5.7,0.45,0
2.5,0.18,0
-5.2,0.39,0
20.0,0.46,0
27.2,0.51,0
2.8,0.69,2
2.5,0.74,2
-1.6,0.77,2
1.7,0.52,0
5.0,0.99,2
-9.4,0.06,0
-2.6,0.20,0
38.5,0.11,1
10.6,0.26,0
-4.9,0.38,0
15.9,0.72,2
23.0,0.08,0
20.2,0.24,0
17.6,0.87,2
-1.8,0.61,2
2.8,0.58,0
1.1,0.93,2
-5.9,0.82,2
2.2,0.24,0
37.7,0.71,3
1.1,0.74,2
38.4,0.85,3
38.3,0.55,1
14.0,0.54,0
-3.2,0.89,2
-1.3,0.36,0
21.7,0.14,0
39.0,0.26,1
-1.2,0.88,2
4.9,0.21,0
13.2,0.86,2
-5.3,0.84,2
15.0,0.76,2
25.0,0.73,2
35.9,0.75,3
-6.8,0.28,0
35.9,0.60,1
18.4,0.87,2
15.2,0.05,0
4.0,0.71,2
35.1,0.91,3
10.7,0.70,2
14.1,0.48,0
36.0,0.37,1
34.9,0.91,3
-0.8,0.21,0
30.8,0.73,3
38.8,0.42,1
-5.7,0.20,0
31.2,0.84,3
1.7,0.98,2
13.3,0.18,0
23.7,0.61,2
14.2,0.11,0
31.8,0.99,3
4.7,0.07,0
13.7,0.20,0
15.3,0.16,0
33.0,0.37,1
18.9,0.96,2
5.2,0.09,0
-7.3,0.78,2
28.6,0.40,0
2.7,0.89,2
19.0,0.16,0
13.0,0.70,2
39.5,0.24,1
25.5,0.36,0
19.2,0.41,0
16.3,0.72,2
33.3,0.54,1
-3.4,0.56,0
28.2,0.18,0
8.9,0.18,0
-2.8,0.01,0
37.5,0.07,1
24.7,0.72,2
-4.9,0.29,0
10.0,0.13,0
-9.4,0.82,2
10.8,0.67,2
-2.9,0.64,2
0.6,0.64,2
29.9,0.88,2
22.4,0.33,0
12.1,0.45,0
8.6,0.15,0
23.5,0.23,0
6.3,0.45,0
15.3,0.96,2
22.8,0.92,2
6.6,0.99,2
37.0,0.08,1
3.7,0.69,2
-6.8,0.47,0
-2.3,0.97,2
-0.0,0.41,0
23.4,0.83,2
24.1,0.74,2
34.9,0.76,3
12.7,0.07,0
31.6,0.69,3
5.1,0.26,0
30.3,0.36,1
-4.9,0.01,0
4.4,0.62,2
-6.8,0.17,0
-6.3,0.52,0
31.5,0.11,1
6.5,0.02,0
16.8,0.57,0
3.3,0.63,2
-0.7,0.76,2
14.8,0.34,0
33.4,0.18,1
26.8,0.34,0
-4.9,0.15,0
24.0,0.34,0
30.0,0.04,1
1.4,0.96,2
2.3,0.60,2
-8.3,0.94,2
-3.6,0.72,2
4.6,0.95,2
18.5,0.82,2
-9.9,0.02,0
-0.4,0.65,2
4.2,0.53,0
25.3,0.58,0
24.7,0.13,0
-0.5,0.42,0
18.8,0.57,0
32.4,0.65,3
6.8,0.53,0
10.7,0.67,2
1.9,0.62,2
6.3,0.48,0
18.3,0.16,0
35.6,0.37,1
28.3,0.42,0
38.2,0.86,3
31.1,0.90,3
11.8,0.08,0
2.4,0.49,0
30.0,0.31,0
9.6,0.56,0
21.4,0.14,0
-9.8,0.02,0
23.9,0.22,0
10.2,0.03,0
23.9,0.14,0
-5.3,0.57,0
22.6,0.84,2
38.3,0.57,1
21.2,0.81,2
15.2,0.46,0
-5.0,0.98,2
11.7,0.18,0
8.2,0.94,2
38.3,0.03,1
0.2,0.53,0
-2.0,0.77,2
24.9,0.84,2
4.6,0.12,0
30.5,0.51,1
-7.5,0.98,2
11.9,0.18,0
26.5,0.45,0
4.2,0.15,0
34.6,0.62,3
31.9,0.96,3
18.4,0.02,0
15.9,0.42,0
33.2,0.54,1
0.3,0.41,0
-6.5,0.41,0
6.8,0.56,0
8.1,0.56,0
-7.1,0.72,2
-7.7,0.78,2
7.9,0.45,0
38.5,0.82,3
36.7,0.40,1
11.8,0.05,0
34.0,0.35,1
38.8,0.07,1
-0.9,0.21,0
21.5,0.14,0
-3.8,0.32,0
26.1,0.06,0
27.5,0.08,0
27.9,0.68,2
19.6,0.80,2
38.1,0.09,1
21.2,0.09,0
-5.2,0.55,0
34.3,0.74,3
27.0,0.92,2
-6.4,0.12,0
39.1,0.17,1
-5.4,0.98,2
-1.8,0.07,0
35.5,0.00,1
28.2,0.59,0
-9.2,0.24,0
3.5,0.46,0
0.1,0.16,0
18.2,0.54,0
15.6,0.30,0
27.1,0.72,2
14.4,0.99,2
1.6,0.53,0
6.7,0.20,0
12.9,0.51,0
19.9,0.96,2
-7.3,0.19,0
30.5,0.78,3
-2.4,0.58,0
-7.0,0.22,0
22.5,0.28,0
20.7,0.84,2
0.4,0.36,0
36.9,0.88,3
-9.9,0.73,2
30.9,0.55,1
13.5,0.24,0
-7.2,0.66,2
21.9,0.18,0
19.8,0.40,0
27.0,0.51,0
39.8,0.21,1
-7.6,0.70,2
-1.4,0.71,2
-4.6,0.93,2
6.9,0.59,0
13.0,0.82,2
27.1,0.73,2
14.1,0.23,0
-5.2,0.30,0
0.1,0.93,2
-8.6,0.51,0
-3.1,0.77,2
-2.5,0.42,0
39.8,0.06,1
19.3,0.11,0
10.6,0.40,0
-9.3,0.21,0
24.4,0.33,0
28.2,0.31,0
5.7,0.78,2
2.9,0.37,0
-6.4,0.21,0
36.0,0.93,3
16.1,0.46,0
22.5,0.31,0
17.1,0.93,2
37.9,0.77,3
18.8,0.06,0
-3.1,0.34,0
10.4,0.19,0
26.1,0.17,0
-1.9,0.62,2
23.6,0.38,0
37.6,0.46,1
-7.0,0.36,0
23.9,0.72,2
10.6,0.40,0
34.9,0.33,1
5.2,0.81,2
17.3,0.33,0
28.6,0.89,2
-0.9,0.53,0
-5.6,0.66,2
30.7,0.13,1
35.3,0.60,3
5.2,0.20,0
-2.3,0.30,0
-9.1,0.41,0
6.3,0.43,0
23.9,0.22,0
25.6,0.10,0
29.2,0.22,0
-0.7,0.02,0
36.8,0.49,1
11.4,0.05,0
30.7,0.65,3
11.3,0.07,0
23.8,0.32,0
-4.7,0.92,2
36.4,0.24,1
39.1,0.99,3
8.3,0.69,2
-4.5,0.25,0
21.8,0.28,0
-0.4,0.53,0
25.7,0.86,2
-7.6,0.73,2
13.6,0.48,0
35.3,0.40,1
27.3,0.68,2
-8.2,0.20,0
18.7,0.97,2
-6.4,0.39,0
22.4,0.33,0
28.4,0.06,0
27.3,0.03,0
17.0,0.35,0
25.3,0.91,2
19.4,0.97,2
9.5,0.60,2
21.7,0.51,0
14.1,0.71,2
-5.6,0.07,0
19.8,0.57,0
12.2,0.77,2
27.8,0.79,2
2.9,0.37,0
35.7,0.04,1
4.1,0.28,0
1.7,0.34,0
-7.9,0.34,0
25.5,0.67,2
8.6,0.70,2
27.8,0.17,0
27.6,0.02,0
19.9,0.97,2
17.7,0.77,2
-3.7,0.31,0
8.8,0.91,2
33.6,0.31,1
-2.5,0.14,0
14.5,0.23,0
31.2,0.10,1
25.1,0.87,2
13.6,0.47,0
2.7,0.94,2
-3.3,0.47,0
33.2,0.05,1
28.0,0.83,2
33.4,0.84,3
19.6,0.11,0
34.2,0.24,1
13.1,0.25,0
15.1,0.96,2
-1.0,0.04,0
18.3,0.55,0
26.2,0.55,0
5.5,0.85,2
34.3,0.49,1
18.4,0.95,2
28.8,0.74,2
24.3,0.79,2
1.0,0.88,2
18.4,0.89,2
19.2,0.41,0
32.0,0.54,1
30.9,0.15,1
14.5,0.99,2
30.3,0.45,1
7.3,0.69,2
5.7,0.92,2
-3.3,0.45,0
-3.7,0.60,0
29.5,0.16,0
3.0,0.31,0
28.1,0.99,2
3.1,0.64,2
9.9,0.10,0
-8.7,0.21,0
37.7,0.40,1
-3.0,0.51,0
17.5,0.79,2
39.9,0.68,3
27.2,0.25,0
34.0,0.02,1
-6.7,0.45,0
0.1,0.80,2
17.4,0.45,0
-3.9,0.65,2
37.0,0.55,1
16.1,0.61,2
29.9,0.92,2
4.9,0.57,0
-8.3,0.73,2
37.6,0.28,1
-0.4,0.88,2
9.9,0.36,0
15.5,0.25,0
-3.6,0.35,0
26.9,0.71,2
-5.0,0.38,0
-2.4,0.44,0
11.0,0.62,2
31.5,0.54,1
38.0,0.68,3
15.6,0.30,0
4.2,0.03,0
11.2,0.60,2
1.6,0.45,0
29.3,0.07,0
16.9,0.24,0
21.6,0.43,0
4.8,0.23,0
16.8,0.25,0
-3.0,0.24,0
27.5,0.08,0
2.7,0.63,2
20.4,0.11,0
35.2,0.75,3
-6.2,0.01,0
14.5,0.05,0
26.7,0.86,2
0.1,0.83,2
11.1,0.16,0
13.4,0.26,0
31.0,0.56,1
0.4,0.74,2
28.6,0.67,2
-0.2,0.67,2
12.0,0.10,0
13.1,0.19,0
5.2,0.94,2
0.0,0.22,0
-9.3,0.58,0
35.7,0.26,1
9.7,0.68,2
-0.8,0.59,0
-3.8,0.68,2
-5.3,0.18,0
-3.7,0.33,0
39.4,0.38,1
25.7,0.93,2
-1.4,0.46,0
11.8,0.44,0
6.8,0.43,0
12.5,0.74,2
11.7,0.84,2
-0.4,0.99,2
10.1,0.86,2
26.7,0.55,0
17.4,0.61,2
19.2,0.11,0
2.2,0.84,2
32.4,0.53,1
17.2,0.76,2
4.3,0.47,0
29.7,0.56,0
39.0,0.24,1
35.4,0.03,1
38.3,0.58,1
18.5,0.88,2
27.6,0.45,0
27.1,0.36,0
-4.2,0.70,2
20.0,0.79,2
0.2,0.35,0
25.6,0.99,2
-9.0,0.46,0
34.9,0.07,1
2.5,0.97,2
14.1,0.29,0
19.9,0.66,2
13.2,0.87,2
-2.6,0.36,0
4.1,0.83,2
10.4,0.26,0
-2.2,0.36,0
20.7,0.01,0
8.9,1.00,2
34.4,0.31,1
6.1,0.77,2
10.5,0.65,2
35.5,0.32,1
39.2,0.30,1
17.8,0.85,2
33.4,0.42,1
17.4,0.54,0
33.0,0.77,3
3.9,0.45,0
8.5,0.08,0
-0.7,0.99,2
37.6,0.42,1
1.3,0.12,0
19.1,0.75,2
37.3,0.81,3
26.6,0.98,2
-6.3,0.42,0
-7.9,0.71,2
32.0,0.62,3
22.2,0.73,2
21.2,0.76,2
29.1,0.88,2
17.4,0.98,2
16.4,0.11,0
4.7,0.92,2
28.6,0.23,0
26.6,0.71,2
21.4,0.91,2
21.2,0.61,2
29.2,0.97,2
14.2,0.14,0
13.7,0.52,0
22.4,0.25,0
38.0,0.72,3
-8.6,0.31,0
24.7,0.98,2
2.3,0.49,0
33.7,0.41,1
6.3,0.92,2
32.9,0.85,3
31.8,0.67,3
8.3,0.13,0
11.6,0.29,0
20.3,0.88,2
1.6,0.78,2
4.9,0.42,0
37.3,0.29,1
30.9,0.21,1
16.9,0.68,2
20.5,0.94,2
24.4,0.74,2
0.9,0.87,2
1.5,0.60,0
31.2,0.42,1
-2.6,0.43,0
31.1,0.35,1
-5.7,0.58,0
37.6,0.50,1
34.4,0.72,3
35.9,0.26,1
34.5,0.16,1
17.2,0.62,2
-9.6,0.91,2
39.7,0.71,3
-6.5,0.12,0
7.4,0.60,2
13.8,0.64,2
20.2,0.48,0
-5.6,0.24,0
33.8,0.76,3
10.8,0.32,0
36.6,0.64,3
2.2,0.48,0
2.0,0.40,0
28.6,0.68,2
-3.1,0.89,2
-9.1,0.41,0
-9.2,0.44,0
4.8,0.04,0
33.4,0.38,1
10.9,0.70,2
-1.2,0.68,2
-7.6,0.03,0
6.3,0.00,0
10.3,0.38,0
9.9,0.43,0
20.0,0.73,2
8.8,0.75,2
36.3,0.08,1
36.4,0.61,3
6.2,0.19,0
9.2,0.41,0
12.9,0.95,2
17.8,0.11,0
18.3,0.65,2
38.9,0.83,3
19.5,0.75,2
34.6,0.84,3
3.2,0.57,0
-5.5,0.08,0
4.8,0.91,2
31.0,0.74,3
-9.2,0.17,0
-8.5,0.22,0
7.5,0.55,0
38.9,0.51,1
37.0,0.76,3
38.0,0.17,1
3.2,0.56,0
3.0,0.25,0
36.3,0.05,1
11.9,0.40,0
-1.5,0.15,0
-9.5,0.31,0
21.9,0.25,0
3.9,0.13,0
-7.5,0.19,0
33.8,0.94,3
20.0,0.50,0
2.9,0.95,2
30.5,0.82,3
-2.7,0.37,0
17.1,0.57,0
38.5,0.80,3
29.8,0.95,2
-1.4,0.10,0
-0.1,0.69,2
8.8,0.13,0
10.7,0.62,2
11.1,0.26,0
30.8,0.14,1
12.0,0.78,2
-5.4,0.08,0
-0.2,0.49,0
-6.9,0.29,0
19.5,0.52,0
24.7,0.56,0
18.6,0.09,0
22.4,0.20,0
22.7,0.68,2
35.7,0.15,1
-1.8,0.85,2
7.5,0.54,0
19.3,0.48,0
29.0,0.40,0
-2.0,0.35,0
38.0,0.04,1
17.5,0.03,0
-4.2,0.82,2
17.0,0.39,0
3.0,0.42,0
-1.8,0.92,2
21.4,0.15,0
28.6,0.16,0
2.3,0.63,2
2.6,0.85,2
2.7,0.74,2
31.8,0.39,1
38.6,0.73,3
10.2,0.71,2
6.2,0.23,0
-1.7,0.92,2
20.7,0.32,0
19.3,0.33,0
9.4,0.16,0
37.1,0.46,1
2.1,0.56,0
33.0,0.41,1
1.7,0.55,0
9.1,0.33,0
5.1,0.63,2
-7.4,0.25,0
22.5,0.95,2
28.4,0.77,2
34.0,0.48,1
32.0,0.61,3
22.7,0.28,0
-5.9,0.71,2
-5.9,0.96,2
28.3,0.67,2
18.3,0.80,2
5.1,0.24,0
36.5,0.18,1
24.0,0.81,2
6.9,0.38,0
1.4,0.71,2
1.7,0.19,0
32.5,0.13,1
6.4,0.06,0
10.8,0.67,2
27.9,0.02,0
31.6,0.53,1
-8.2,0.63,2
22.1,0.71,2
20.0,0.78,2
32.0,0.92,3
6.0,0.97,2
21.6,0.63,2
-8.8,0.52,0
-5.7,0.28,0
8.4,0.67,2
32.5,0.31,1
2.5,0.38,0
-6.5,0.81,2
13.9,0.67,2
36.1,0.40,1
12.8,0.68,2
8.8,0.25,0
-5.1,0.19,0
17.0,0.49,0
34.4,0.72,3
30.3,0.60,3
2.1,0.22,0
9.1,0.92,2
14.0,0.21,0
6.8,0.73,2
-6.4,0.08,0
30.0,0.31,0
36.8,0.62,3
31.4,0.62,3
3.5,0.53,0
17.5,0.90,2
1.4,0.03,0
-7.7,0.51,0
5.6,0.47,0
21.1,0.45,0
27.5,0.53,0
28.9,0.77,2
14.6,0.83,2
20.2,0.59,0
19.5,0.68,2
17.5,0.76,2
25.1,0.95,2
13.1,0.33,0
20.5,0.56,0
-9.0,0.52,0
1.5,0.29,0
20.3,0.76,2
2.3,0.40,0
17.7,0.15,0
12.3,0.34,0
10.4,0.18,0
15.4,0.62,2
5.6,0.78,2
33.6,0.53,1
8.2,0.03,0
17.8,0.50,0
8.0,0.73,2
21.8,0.92,2
16.6,0.64,2
3.0,0.99,2
29.9,0.82,2
1.3,0.03,0
18.7,0.30,0
-7.1,0.78,2
-3.1,0.09,0
-0.9,0.30,0
9.8,0.75,2
31.3,0.74,3
-1.4,0.78,2
35.9,0.98,3
21.7,0.57,0
24.7,0.76,2
-6.5,0.31,0
-3.7,0.26,0
6.6,0.47,0
10.0,0.91,2
17.6,0.60,2
15.3,0.64,2
9.5,0.16,0
-1.9,0.55,0
22.3,0.29,0
-1.1,0.55,0
25.4,0.04,0
3.2,0.64,2
-5.9,0.58,0
-1.4,0.82,2
2.0,0.69,2
39.1,0.53,1
12.1,0.53,0
27.0,0.89,2
30.2,0.63,3
23.5,0.26,0
15.3,0.64,2
5.8,0.05,0
27.8,0.90,2
19.1,0.09,0
23.0,0.33,0
-6.9,0.24,0
13.3,0.28,0
-4.0,0.77,2
16.8,0.98,2
12.0,0.56,0
30.3,0.82,3
15.3,0.71,2
39.9,0.24,1
26.8,0.86,2
13.7,0.23,0
-8.3,0.46,0
11.0,0.34,0
33.4,0.76,3
10.7,0.85,2
2.7,0.60,2
36.6,0.22,1
25.4,0.09,0
29.0,0.56,0
-9.0,0.49,0
32.0,0.33,1
30.8,0.83,3
36.2,0.83,3
7.0,0.66,2
15.6,0.43,0
5.5,0.46,0
-6.6,0.41,0
16.0,0.70,2
29.7,0.99,2
29.3,0.93,2
9.1,0.83,2
32.1,0.23,1
-9.2,0.54,0
29.4,0.44,0
-6.0,0.59,0
2.7,0.28,0
27.6,0.08,0
26.2,0.47,0
25.3,0.80,2
12.3,0.87,2
30.4,0.91,3
29.9,0.62,2
39.5,0.57,1
-7.3,0.11,0
24.7,0.70,2
39.8,1.00,3
35.1,0.78,3
32.7,0.83,3
1.6,0.60,0
34.6,0.15,1
28.3,0.31,0
13.8,0.14,0
17.7,0.37,0
35.8,0.89,3
24.0,0.93,2
31.4,0.10,1
16.0,0.91,2
-4.6,0.90,2
13.2,0.19,0
14.5,0.96,2
12.0,0.01,0
8.7,0.11,0
28.4,0.38,0
32.8,0.84,3
19.1,0.97,2
38.7,0.06,1
-6.0,0.55,0
3.0,0.57,0
13.2,0.14,0
17.3,0.50,0
22.2,0.83,2
14.1,0.17,0
-5.0,0.28,0
7.0,0.37,0
27.9,0.70,2
-7.8,0.88,2
-4.3,0.05,0
28.5,0.68,2
18.7,0.40,0
27.3,0.34,0
10.9,0.93,2
-0.7,0.03,0
32.2,0.02,1
-1.8,0.39,0
-4.3,0.52,0
9.1,0.91,2
-3.5,0.73,2
6.8,0.62,2
28.2,0.33,0
16.5,0.72,2
34.7,0.33,1
-2.0,0.98,2
16.7,0.93,2
8.6,0.22,0
37.2,0.94,3
17.0,0.89,2
-1.8,0.32,0
-5.7,0.17,0
-9.8,0.51,0
9.2,0.14,0
24.6,0.73,2
9.0,0.70,2
11.6,0.71,2
27.5,0.48,0
10.7,0.57,0
29.9,0.09,0
4.9,0.13,0
5.4,0.85,2
-4.9,0.57,0
27.6,0.96,2
-3.7,0.48,0
-7.5,0.97,2
22.3,0.77,2
21.7,0.16,0
-8.4,0.82,2
13.9,0.59,0
10.2,0.30,0
-3.1,0.61,2
36.0,0.16,1
29.8,0.06,0
16.8,0.91,2
-6.9,0.36,0
20.8,0.40,0
12.1,0.23,0
0.3,0.56,0
-5.7,0.59,0
-4.4,0.25,0
20.7,1.00,2
35.5,0.09,1
31.5,0.64,3
5.0,0.33,0
6.0,0.79,2
6.4,0.16,0
23.8,0.49,0
12.6,0.39,0
33.3,0.61,3
4.1,0.49,0
1.4,0.37,0
4.5,0.16,0
28.5,0.52,0
29.1,0.42,0
20.3,0.44,0
2.4,0.08,0
-5.9,0.65,2
39.8,0.47,1
3.8,0.87,2
37.0,0.21,1
7.7,0.14,0
0.1,0.05,0
31.8,0.43,1
-8.7,0.63,2
33.2,0.70,3
13.7,0.47,0
21.8,0.27,0
10.9,0.31,0
25.0,0.67,2
17.4,0.93,2
34.5,0.51,1
-3.0,0.49,0
-3.4,0.86,2
-0.3,0.04,0
8.1,0.96,2
26.4,0.74,2
5.0,0.73,2
11.6,0.35,0
29.2,0.89,2
20.2,0.33,0
-2.2,0.29,0
22.4,0.67,2
39.2,0.03,1
-9.0,0.09,0
6.2,0.94,2
1.2,1.00,2
-8.2,0.69,2
38.1,0.42,1
1.0,0.49,0
-6.2,0.60,2
14.8,0.53,0
0.9,0.51,0
27.5,0.66,2
22.6,0.00,0
4.6,0.98,2
30.8,0.66,3
12.4,0.24,0
11.9,0.06,0
22.3,0.89,2
20.7,0.44,0
-9.4,0.78,2
36.8,0.49,1
36.6,0.97,3
-6.9,0.66,2
10.6,0.56,0
14.5,0.53,0
16.1,0.43,0
-6.7,0.76,2
18.4,0.31,0
35.6,0.67,3
7.8,0.30,0
21.0,0.55,0
22.3,0.62,2
36.1,0.15,1
0.1,0.09,0
17.9,0.18,0
3.6,0.07,0
-2.1,0.25,0
7.7,0.67,2
14.8,0.78,2
31.8,0.70,3
28.5,0.94,2
-6.2,0.98,2
39.4,0.83,3
2.8,0.24,0
28.0,0.48,0
7.1,0.41,0
-9.1,0.48,0
32.0,0.27,1
33.0,0.78,3
11.6,0.48,0
30.3,0.75,3
2.7,0.24,0
21.4,0.43,0
34.5,0.29,1
11.0,0.34,0
-9.3,0.66,2
-1.6,0.69,2
-7.9,0.70,2
29.7,0.41,0
22.9,0.52,0
12.6,0.07,0
9.4,0.89,2
-9.1,0.72,2
-1.1,0.46,0
1.4,0.54,0
11.0,0.34,0
10.5,0.07,0
36.4,0.36,1
26.7,0.57,0
-9.3,0.28,0
-3.6,0.60,2
-5.2,0.49,0
33.5,0.61,3
14.7,0.56,0
3.6,0.57,0
-1.3,0.66,2
15.9,0.10,0
30.4,0.74,3
-5.2,0.35,0
25.2,0.98,2
7.0,0.10,0
37.6,0.88,3
-4.4,0.96,2
13.4,0.80,2
-2.2,0.63,2
16.0,0.07,0
3.7,0.66,2
36.4,0.21,1
-2.0,0.79,2
12.5,0.74,2
16.1,0.19,0
20.8,0.83,2
6.3,0.15,0
30.8,0.47,1
33.9,0.23,1
2.3,0.50,0
39.3,0.32,1
4.9,0.67,2
21.1,0.66,2
24.8,0.25,0
17.5,0.69,2
-8.3,0.50,0
-8.8,1.00,2
35.3,0.61,3
1.2,0.85,2
5.2,0.58,0
2.1,0.10,0
38.2,0.74,3
24.2,0.12,0
1.3,0.07,0
31.9,0.42,1
35.1,0.40,1
25.8,0.77,2
35.3,0.27,1
9.2,0.10,0
23.0,0.31,0
11.6,0.36,0
21.8,0.36,0
5.5,0.94,2
4.6,0.36,0
29.5,0.50,0
34.0,0.45,1
23.4,0.94,2
19.6,0.96,2
-0.7,0.75,2
20.8,0.14,0
2.1,0.19,0
8.6,0.86,2
21.6,0.07,0
8.4,0.71,2
34.5,0.06,1
32.2,0.74,3
34.1,0.01,1
26.1,0.73,2
21.0,0.48,0
35.7,0.55,1
23.1,0.28,0
19.2,0.95,2
18.3,0.15,0
25.9,0.32,0
3.3,0.60,2
28.4,0.28,0
11.9,0.43,0
17.3,0.23,0
10.5,0.24,0
-5.5,0.91,2
37.1,0.90,3
26.4,0.63,2
33.0,0.49,1
18.5,0.13,0
25.6,0.07,0
-5.8,0.75,2
-4.7,0.12,0
30.5,0.23,1
37.7,0.64,3
-4.7,0.13,0
1.2,0.75,2
20.5,0.94,2
12.5,0.51,0
-6.1,0.93,2
21.1,0.30,0
2.3,0.69,2
-9.0,0.78,2
14.1,0.58,0
-1.5,0.73,2
5.0,0.85,2
6.9,0.33,0
10.5,0.52,0
37.3,0.77,3
4.6,0.20,0
33.2,0.83,3
17.0,0.92,2
10.1,0.27,0
33.9,0.86,3
26.5,0.92,2
4.2,0.95,2
24.3,0.20,0
-3.7,0.42,0
10.3,0.49,0
-8.6,0.77,2
-7.1,0.40,0
34.1,0.38,1
0.1,0.06,0
-8.3,0.99,2
35.0,0.19,1
8.4,0.30,0
16.8,0.65,2
36.4,0.27,1
28.9,0.83,2
33.7,0.50,1
36.4,0.08,1
38.5,0.17,1
11.7,0.18,0
14.9,0.96,2
10.2,0.24,0
19.5,0.95,2
5.6,0.64,2
15.5,0.63,2
-3.1,0.30,0
0.6,0.86,2
38.4,0.53,1
23.6,0.13,0
-6.6,0.08,0
2.6,0.32,0
4.4,0.65,2
-9.3,0.30,0
-2.1,0.12,0
2.2,0.15,0
18.0,0.37,0
27.2,0.38,0
37.1,0.24,1
39.2,0.81,3
-6.7,0.44,0
6.0,0.79,2
-1.2,0.05,0
-6.8,0.19,0
2.6,0.80,2
15.4,0.60,2
6.9,0.89,2
15.2,0.04,0
14.8,0.57,0
32.4,0.40,1
-9.4,0.42,0
-8.1,0.71,2
31.5,0.41,1
23.7,0.31,0
-1.2,0.36,0
-4.3,0.22,0
-6.4,0.44,0
-1.7,0.92,2
-4.2,0.76,2
4.5,0.95,2
31.7,0.70,3
-0.6,0.32,0
1.2,0.73,2
33.1,0.41,1
28.4,0.09,0
12.0,0.59,0
27.6,0.28,0
24.6,0.61,2
3.3,0.11,0
34.0,0.53,1
-5.9,0.09,0
-4.0,0.94,2
34.8,0.36,1
4.9,0.38,0
30.6,0.22,1
11.5,0.49,0
-1.8,0.73,2
-9.0,0.92,2
23.9,0.47,0
38.4,0.39,1
36.5,0.29,1
14.9,0.20,0
20.9,0.65,2
17.0,0.62,2
17.9,0.46,0
27.2,0.75,2
-9.2,0.08,0
30.2,0.37,1
-1.1,0.78,2
33.5,0.47,1
30.0,0.06,1
26.1,0.95,2
-2.5,0.61,2
5.7,0.86,2
-9.0,0.52,0
22.0,0.85,2
27.0,0.32,0
16.3,0.56,0
2.6,0.09,0
10.2,0.77,2
-2.8,0.18,0
14.0,0.40,0
1.6,0.34,0
33.0,0.75,3
-7.3,0.26,0
3.8,0.84,2
-4.5,0.50,0
-9.0,0.75,2
33.6,0.68,3
-7.1,0.93,2
36.8,0.45,1
-5.6,0.79,2
27.2,0.73,2
31.5,0.18,1
25.7,0.85,2
-1.4,0.69,2
-3.2,0.44,0
35.9,0.89,3
32.3,0.57,1
-2.8,0.68,2
39.6,0.77,3
2.4,0.97,2
14.2,0.77,2
28.0,0.91,2
-2.0,0.73,2
25.9,0.40,0
-6.7,0.36,0
33.1,0.99,3
-5.8,0.62,2
0.4,0.42,0
5.5,0.17,0
12.3,0.53,0
2.6,0.84,2
10.2,0.66,2
9.6,0.86,2
13.3,0.29,0
16.1,0.48,0
-4.9,0.88,2
13.1,0.44,0
27.6,0.44,0
11.9,0.28,0
7.4,0.23,0
19.2,0.84,2
1.5,0.49,0
31.2,0.10,1
23.7,0.17,0
22.5,0.21,0
5.9,0.14,0
-2.8,0.78,2
22.9,0.14,0
35.0,0.28,1
6.3,0.31,0
21.2,0.76,2
32.0,0.87,3
3.3,0.48,0
7.7,0.37,0
-9.9,0.60,2
5.1,0.26,0
4.4,0.80,2
29.4,0.27,0
31.3,0.03,1
-6.6,0.30,0
-1.3,0.36,0
10.5,0.17,0
26.7,0.59,0
-2.1,0.85,2
-7.8,0.18,0
5.8,0.18,0
21.7,0.90,2
-0.1,0.38,0
9.4,0.41,0
2.4,0.46,0
1.4,0.69,2
-0.6,0.41,0
18.4,0.71,2
2.6,0.55,0
6.8,0.12,0
-2.2,0.49,0
23.8,0.23,0
17.5,0.26,0
20.3,0.87,2
-1.4,0.51,0
33.7,0.00,1
7.0,0.78,2
-4.6,0.11,0
3.3,0.23,0
6.4,0.67,2
13.0,0.87,2
-5.6,0.80,2
-7.3,0.96,2
18.0,0.65,2
15.9,0.81,2
5.0,0.32,0
32.3,0.65,3
-8.6,0.63,2
-3.3,0.05,0
17.1,0.89,2
27.4,0.19,0
4.3,0.39,0
21.5,0.47,0
28.4,0.16,0
-4.0,0.17,0
15.8,0.98,2
24.0,0.37,0
35.5,0.44,1
5.9,0.67,2
28.3,0.86,2
29.7,0.74,2
13.9,0.57,0
36.8,0.26,1
30.8,0.06,1
16.7,0.93,2
19.1,0.90,2
-2.7,0.09,0
8.5,0.17,0
-2.7,0.00,0
2.6,0.24,0
4.3,0.82,2
9.3,0.04,0
36.4,0.47,1
31.2,0.14,1
20.4,0.13,0
-7.0,0.91,2
-7.1,0.84,2
13.8,0.60,0
15.8,0.32,0
-3.8,0.50,0
16.2,0.09,0
-1.0,0.68,2
1.0,0.09,0
31.7,0.28,1
-0.9,0.39,0
-6.7,0.32,0
14.1,0.15,0
18.9,0.99,2
32.8,0.27,1
30.4,0.70,3
15.3,0.21,0
2.9,0.65,2
32.9,0.80,3
38.0,0.39,1
4.6,0.02,0
-3.6,0.47,0
3.9,0.74,2
12.4,0.05,0
3.0,0.74,2
19.9,0.42,0
8.1,0.26,0
20.7,0.43,0
14.7,0.91,2
22.9,0.85,2
28.1,0.21,0
-1.4,0.22,0
33.7,0.48,1
-0.3,0.11,0
3.7,0.44,0
-9.7,0.07,0
-6.1,0.70,2
14.4,0.19,0
16.1,0.90,2
26.6,0.48,0
18.3,0.03,0
32.7,0.33,1
12.4,0.21,0
25.0,0.50,0
7.6,0.91,2
1.1,0.77,2
-6.8,0.15,0
17.8,0.22,0
21.7,0.22,0
1.5,0.25,0
12.6,0.29,0
19.3,0.51,0
15.6,0.43,0
38.5,0.94,3
26.6,0.45,0
-5.6,0.93,2
24.1,0.44,0
5.1,0.59,0
3.0,0.89,2
10.6,0.46,0
29.7,0.49,0
2.5,0.27,0
-7.8,0.21,0
17.8,0.58,0
18.7,0.78,2
18.5,0.37,0
0.6,0.98,2
23.6,0.43,0
17.2,0.80,2
21.6,0.19,0
32.3,0.08,1
9.4,0.64,2
5.2,0.85,2
28.1,0.25,0
3.3,0.90,2
31.1,0.58,1
18.3,0.25,0
-7.5,0.07,0
37.1,0.56,1
19.7,0.86,2
14.1,0.09,0
27.9,0.62,2
32.3,0.73,3
26.4,0.66,2
18.5,0.01,0
5.8,0.10,0
37.5,0.70,3
-2.5,0.46,0
2.8,0.13,0
24.3,0.71,2
33.6,0.10,1
-4.0,0.62,2
-4.7,0.64,2
36.0,0.22,1
37.4,0.16,1
4.3,0.47,0
13.7,0.38,0
-2.8,0.02,0
11.5,0.97,2
-0.8,0.41,0
29.5,0.73,2
37.8,0.93,3
-6.0,0.25,0
-5.6,0.84,2
12.1,0.40,0
13.4,0.69,2
34.5,0.08,1
3.6,0.68,2
2.1,0.95,2
-7.8,0.33,0
25.4,0.11,0
3.8,0.40,0
30.5,0.06,1
38.1,0.88,3
27.5,0.37,0
13.8,0.42,0
35.9,0.82,3
-1.3,0.33,0
15.0,0.26,0
-2.6,0.43,0
12.0,0.78,2
35.3,0.89,3
5.8,0.51,0
3.5,0.57,0
29.7,0.74,2
32.5,0.04,1
29.0,0.60,2
2.6,0.45,0
-4.4,0.70,2
-0.1,0.83,2
17.0,0.72,2
21.9,0.11,0
22.8,0.75,2
5.2,0.66,2
27.2,0.57,0
0.5,0.63,2
7.7,0.81,2
18.5,0.22,0
29.9,0.04,0
7.4,0.88,2
16.0,0.92,2
16.6,0.28,0
31.3,0.09,1
38.0,0.03,1
0.7,0.46,0
32.4,0.38,1
-5.6,0.79,2
32.1,0.16,1
7.5,0.07,0
-9.2,0.52,0
28.2,0.52,0
14.7,0.25,0
-8.8,0.64,2
36.9,0.79,3
21.8,0.60,0
11.7,0.10,0
-4.0,0.01,0
-3.2,0.06,0
10.0,0.30,0
17.6,0.83,2
-1.0,0.16,0
26.6,0.65,2
19.9,0.73,2
18.1,0.84,2
36.3,0.55,1
20.9,0.64,2
34.8,0.51,1
33.8,0.26,1
35.2,0.88,3
-7.2,0.17,0
-9.1,0.93,2
34.4,0.09,1
8.0,0.87,2
21.8,0.01,0
24.8,0.74,2
24.4,0.12,0
37.5,0.54,1
23.8,0.44,0
15.3,0.94,2
3.9,0.06,0
-5.0,0.40,0
19.2,0.13,0
39.5,0.71,3
29.6,0.91,2
2.5,0.65,2
10.5,0.31,0
-5.9,0.68,2
-8.3,0.10,0
23.1,0.20,0
-7.4,0.36,0
23.6,0.34,0
8.5,0.33,0
39.4,0.81,3
36.7,0.15,1
31.5,0.01,1
19.7,0.21,0
-1.4,0.90,2
21.9,0.92,2
26.7,0.03,0
15.7,0.88,2
20.0,0.66,2
37.9,0.31,1
19.6,0.89,2
39.2,0.39,1
36.3,0.81,3
-3.9,0.56,0
26.7,0.69,2
24.1,0.69,2
11.5,0.57,0
-3.7,0.54,0
39.1,0.12,1
15.4,0.28,0
31.2,0.41,1
13.4,0.00,0
1.8,0.50,0
-8.2,0.42,0
30.3,0.57,1
34.4,0.25,1
27.2,0.79,2
20.3,0.44,0
18.8,0.69,2
33.6,0.91,3
4.0,0.76,2
34.4,0.21,1
21.8,0.09,0
21.9,0.90,2
-2.8,0.81,2
5.5,0.42,0
31.2,0.97,3
-5.4,0.58,0
2.3,0.75,2
-6.0,0.90,2
32.8,0.46,1
38.2,0.49,1
23.1,0.18,0
3.4,0.26,0
38.0,0.02,1
15.7,0.89,2
0.9,0.43,0
7.3,0.68,2
7.1,0.52,0
15.5,0.59,0
-5.3,0.57,0
22.1,0.49,0
17.6,0.83,2
35.7,0.72,3
36.9,0.76,3
-5.6,0.20,0
17.5,0.84,2
23.9,0.29,0
-5.6,0.25,0
28.1,0.13,0
27.0,0.24,0
31.5,0.60,3
11.7,0.10,0
25.4,0.45,0
-1.2,0.59,0
38.7,0.88,3
-8.8,0.38,0
37.1,0.81,3
-5.1,0.65,2
18.4,0.91,2
4.2,0.63,2
-4.3,0.02,0
21.7,0.91,2
-3.4,0.59,0
-1.9,0.10,0
2.7,0.89,2
19.3,0.96,2
16.6,0.49,0
21.8,0.47,0
-9.5,0.92,2
-3.8,0.67,2
7.2,0.56,0
5.6,0.74,2
5.9,0.81,2
38.3,0.26,1
35.8,0.07,1
-5.0,0.08,0
-8.9,0.82,2
-7.7,0.35,0
8.6,0.07,0
35.5,0.89,3
37.9,0.38,1
6.4,0.10,0
-6.4,0.90,2
24.0,0.94,2
38.1,1.00,3
19.6,0.20,0
0.3,0.20,0
19.0,0.20,0
21.9,0.60,0
38.5,0.79,3
39.6,0.50,1
37.5,0.52,1
20.5,0.31,0
11.3,0.20,0
29.4,0.95,2
12.9,0.08,0
-4.7,0.17,0
16.1,0.55,0
8.0,0.73,2
10.5,0.07,0
32.3,0.46,1
-7.0,0.22,0
-1.8,0.23,0
19.7,0.14,0
-4.6,0.40,0
32.2,0.90,3
-6.7,0.63,2
-0.3,0.92,2
-9.4,0.27,0
21.4,0.54,0
27.6,0.15,0
19.7,0.01,0
25.3,0.22,0
15.2,0.28,0
11.0,0.04,0
38.2,0.81,3
29.5,0.31,0
-8.2,0.29,0
17.3,0.77,2
38.8,0.65,3
24.7,0.20,0
5.8,0.44,0
34.4,0.17,1
-7.9,0.48,0
35.7,0.15,1
28.6,0.53,0
-0.3,0.53,0
-5.5,0.41,0
38.9,0.54,1
7.1,0.70,2
8.6,0.24,0
24.1,0.51,0
-3.6,0.72,2
-5.8,0.52,0
2.5,0.61,2
33.7,0.29,1
17.3,0.16,0
-8.4,0.50,0
31.9,0.86,3
25.1,0.66,2
6.4,0.99,2
-9.0,0.93,2
-7.2,0.23,0
17.3,0.48,0
37.4,0.16,1
34.4,0.43,1
15.0,0.88,2
25.3,0.52,0
0.9,0.84,2
14.9,0.29,0
24.6,0.40,0
32.2,0.07,1
35.1,0.70,3
8.7,0.76,2
39.1,0.71,3
25.7,0.09,0
16.1,0.75,2
14.8,0.26,0
13.9,0.04,0
-1.7,0.53,0
28.9,0.74,2
0.5,0.59,0
1.7,0.66,2
6.9,0.69,2
33.8,0.94,3
-9.9,0.96,2
39.3,0.78,3
-7.1,0.10,0
11.5,0.41,0
3.5,0.96,2
19.5,0.65,2
16.8,0.96,2
-5.3,0.38,0
31.4,0.34,1
-5.7,0.73,2
21.3,0.61,2
17.9,0.24,0
1.8,0.39,0
23.9,0.56,0
6.6,0.20,0
-6.9,0.45,0
-5.6,0.40,0
27.8,0.56,0
33.3,0.59,1
19.8,0.19,0
23.8,0.28,0
-6.8,0.64,2
15.4,0.19,0
2.2,0.59,0
12.3,0.91,2
9.2,0.60,0
16.6,0.75,2
7.0,0.75,2
14.9,0.63,2
-4.5,0.51,0
3.7,0.29,0
28.9,0.37,0
5.7,0.44,0
21.2,0.38,0
11.2,0.72,2
22.5,0.73,2
2.7,0.37,0
36.0,0.13,1
35.8,0.45,1
15.3,0.79,2
7.9,0.98,2
31.1,0.99,3
13.0,0.04,0
-8.4,0.99,2
1.6,0.38,0
-7.1,0.77,2
21.4,0.83,2
10.5,0.69,2
-8.1,0.91,2
-5.3,0.49,0
16.9,0.22,0
-1.7,0.30,0
7.1,0.30,0
13.1,0.74,2
33.0,0.53,1
31.0,0.63,3
30.1,0.23,1
27.1,0.37,0
12.4,0.23,0
36.8,0.60,3
39.9,0.19,1
25.6,0.04,0
25.6,0.04,0
20.3,0.86,2
29.6,0.48,0
18.9,0.28,0
26.0,0.27,0
38.3,0.41,1
23.0,0.56,0
25.3,0.04,0
23.4,0.45,0
-0.8,0.63,2
9.7,0.66,2
13.8,0.55,0
-3.3,0.75,2
-8.4,0.76,2
19.2,0.50,0
38.6,0.30,1
8.3,0.20,0
1.8,0.52,0
20.9,0.58,0
27.2,0.98,2
39.5,0.66,3
30.0,0.81,2
30.4,0.95,3
-9.6,0.32,0
9.6,0.32,0
39.9,0.94,3
-7.5,0.21,0
-8.9,0.85,2
-8.8,0.95,2
24.2,0.83,2
39.4,0.33,1
25.3,0.85,2
38.1,0.96,3
1.7,0.42,0
17.0,0.34,0
27.4,0.59,0
20.6,0.98,2
37.1,0.49,1
23.8,0.79,2
6.5,0.89,2
11.5,0.67,2
1.7,0.56,0
-7.5,0.35,0
38.9,0.65,3
26.4,0.99,2
3.7,0.61,2
5.7,0.57,0
24.0,0.42,0
34.1,0.02,1
3.4,0.56,0
37.1,0.47,1
-1.1,0.76,2
13.4,0.96,2
19.9,0.25,0
1.8,0.98,2
32.2,0.42,1
-8.2,0.19,0
26.0,0.29,0
4.7,0.83,2
-1.5,0.79,2
-2.9,0.94,2
38.4,0.45,1
30.6,0.48,1
13.6,0.96,2
3.6,0.05,0
-4.1,0.28,0
35.5,0.81,3
1.4,0.74,2
36.5,0.60,3
36.9,0.85,3
-8.0,0.03,0
-3.9,0.15,0
19.7,0.02,0
0.5,0.26,0
39.6,0.56,1
29.8,0.32,0
24.1,0.40,0
14.2,0.39,0
-4.9,0.79,2
36.8,0.92,3
9.8,0.53,0
-7.7,0.97,2
11.8,0.66,2
5.3,0.44,0
18.9,0.98,2
6.6,0.45,0
-9.4,0.25,0
-6.4,0.61,2
33.8,0.32,1
17.9,0.71,2
23.6,0.96,2
38.3,0.49,1
4.9,0.26,0
-1.4,0.40,0
23.6,0.41,0
36.6,0.64,3
8.5,0.67,2
-10.0,0.21,0
36.0,0.23,1
4.2,0.02,0
26.4,0.58,0
16.2,0.12,0
21.1,0.66,2
37.1,0.03,1
23.8,0.90,2
-5.6,0.10,0
7.0,0.46,0
13.1,0.21,0
39.2,0.67,3
14.5,0.03,0
17.4,0.82,2
30.2,0.91,3
16.6,0.08,0
18.7,0.47,0
2.6,0.27,0
24.8,0.14,0
-4.6,0.19,0
0.3,0.97,2
28.7,0.63,2
31.3,0.96,3
31.2,0.77,3
22.8,0.95,2
20.2,0.44,0
-2.7,0.30,0
10.7,0.03,0
-5.8,0.14,0
23.1,0.86,2
2.5,0.04,0
-1.0,0.95,2
31.2,0.35,1
0.5,0.92,2
28.5,0.65,2
7.9,0.44,0
28.6,0.98,2
24.2,0.42,0
-8.6,0.74,2
32.5,0.59,1
16.1,0.09,0
7.1,0.23,0
-4.1,0.00,0
25.3,0.95,2
19.8,0.64,2
28.1,0.45,0
22.1,0.49,0
10.6,0.36,0
20.9,0.39,0
31.9,0.36,1
6.3,0.61,2
22.9,0.62,2
19.3,0.76,2
-1.1,0.81,2
15.0,0.38,0
15.7,0.70,2
-0.4,0.75,2
1.5,0.78,2
14.2,0.17,0
3.1,0.95,2
28.1,0.73,2
27.3,0.95,2
25.1,0.53,0
5.3,0.14,0
16.9,0.36,0
15.2,0.92,2
27.6,0.71,2
36.1,0.37,1
5.7,0.28,0
29.3,0.25,0
37.6,0.03,1
27.2,0.91,2
8.3,0.37,0
2.8,0.74,2
9.3,0.95,2
30.2,0.46,1
15.6,0.70,2
9.0,0.05,0
33.1,0.11,1
32.2,0.71,3
39.6,0.80,3
7.6,0.12,0
-6.1,0.32,0
-4.0,0.25,0
-0.8,0.04,0
10.1,0.56,0
5.1,0.90,2
25.2,0.37,0
25.2,0.82,2
36.1,0.27,1
-7.0,0.56,0
-0.6,0.27,0
19.6,0.67,2
-7.1,0.54,0
19.8,0.40,0
14.9,0.57,0
7.7,0.45,0
5.2,0.08,0
-2.9,0.35,0
12.5,0.45,0
4.9,0.83,2
12.4,0.62,2
28.6,0.55,0
22.4,0.71,2
32.3,0.11,1
37.0,0.22,1
18.1,0.76,2
30.8,0.84,3
36.7,0.14,1
-8.9,0.68,2
-6.4,0.92,2
26.2,0.94,2
18.9,0.49,0
29.7,0.28,0
21.5,0.91,2
19.3,0.33,0
-7.6,0.97,2
37.2,0.45,1
2.4,0.07,0
26.6,0.70,2
-2.7,0.48,0
22.9,0.67,2
36.4,0.15,1
14.7,0.28,0
27.8,0.08,0
18.2,0.06,0
23.2,0.96,2
-6.4,0.26,0
-2.0,0.59,0
31.2,0.05,1
18.5,0.44,0
24.6,0.54,0
15.6,0.10,0
37.8,0.95,3
21.9,0.18,0
24.4,0.74,2
10.1,0.10,0
25.1,0.35,0
22.8,0.10,0
32.3,0.02,1
-8.2,0.73,2
25.3,0.26,0
10.2,0.36,0
23.6,0.37,0
22.4,0.98,2
4.1,0.06,0
23.4,0.31,0
20.8,0.72,2
9.5,0.17,0
4.7,0.65,2
-6.6,0.76,2
23.3,0.03,0
4.0,0.15,0
9.9,0.88,2
25.4,0.27,0
38.8,0.22,1
17.7,0.38,0
20.3,0.68,2
-1.8,0.77,2
-2.2,0.62,2
-1.6,0.54,0
-9.0,0.31,0
8.8,0.68,2
16.4,0.80,2
-4.2,0.03,0
17.6,0.98,2
0.1,0.28,0
14.2,0.93,2
-3.5,0.19,0
4.1,0.71,2
28.8,0.77,2
25.7,0.53,0
37.4,0.65,3
2.1,0.60,0
-4.1,0.59,0
32.8,0.03,1
20.2,0.19,0
34.1,0.06,1
5.4,0.23,0
34.1,0.34,1
0.9,0.21,0
19.7,0.53,0
-9.3,0.21,0
12.6,0.34,0
-2.3,0.22,0
-8.8,0.72,2
-5.0,0.51,0
4.6,0.16,0
22.9,0.35,0
28.3,0.87,2
39.8,0.80,3
34.4,0.19,1
34.0,0.91,3
32.1,0.18,1
2.2,0.24,0
1.8,0.39,0
30.5,0.87,3
0.2,0.68,2
20.8,0.92,2
34.9,0.68,3
1.2,0.50,0
-6.5,0.18,0
23.1,0.26,0
31.7,0.32,1
20.0,0.14,0
37.3,0.18,1
23.6,0.45,0
11.9,0.81,2
34.9,0.71,3
33.0,0.10,1
23.8,0.33,0
-3.3,0.90,2
-9.2,0.21,0
10.5,0.72,2
15.0,0.14,0
0.4,0.70,2
1.4,0.08,0
-2.9,0.48,0
22.7,0.46,0
5.7,0.97,2
-2.9,0.25,0
25.1,0.33,0
4.2,0.01,0
39.3,0.27,1
11.4,0.74,2
26.4,0.32,0
24.1,0.06,0
24.0,0.36,0
5.2,0.34,0
-4.7,0.83,2
13.3,0.65,2
-2.7,0.99,2
0.5,0.92,2
29.5,0.10,0
12.7,0.43,0
11.8,0.94,2
37.9,0.96,3
-2.1,0.45,0
-1.8,0.32,0
39.4,0.38,1
37.2,0.94,3
-9.2,0.14,0
9.8,0.08,0
32.1,0.59,1
0.7,0.05,0
-2.4,0.71,2
35.1,0.17,1
38.4,0.74,3
16.8,0.95,2
16.7,0.96,2
30.4,0.52,1
22.4,0.83,2
23.7,0.87,2
-3.7,0.64,2
9.9,0.43,0
-0.5,0.09,0
5.8,0.72,2
37.2,0.80,3
33.5,0.37,1
-3.3,0.59,0
19.1,0.92,2
39.3,0.24,1
3.4,0.41,0
18.1,0.70,2
15.2,0.72,2
13.8,0.63,2
25.9,0.11,0
38.0,0.71,3
24.4,0.70,2
18.9,0.73,2
11.9,0.77,2
2.7,0.49,0
10.4,0.50,0
14.4,0.88,2
39.4,0.03,1
2.5,0.07,0
24.7,0.58,0
12.2,0.35,0
-4.9,0.23,0
38.7,0.73,3
-3.0,0.22,0
-2.4,0.14,0
32.2,0.72,3
-2.6,0.76,2
17.5,0.64,2
27.6,0.02,0
37.4,0.67,3
-5.3,0.94,2
28.5,0.72,2
0.3,0.76,2
32.8,0.13,1
13.5,0.34,0
3.6,0.72,2
20.8,0.73,2
29.1,0.97,2
25.1,0.34,0
28.1,0.30,0
13.0,0.08,0
14.8,0.67,2
29.5,0.64,2
6.5,0.13,0
11.9,0.74,2
26.1,0.11,0
30.9,0.92,3
-3.9,0.84,2
35.2,0.06,1
8.5,0.90,2
-3.7,0.84,2
27.6,0.98,2
17.6,0.91,2
-7.2,0.30,0
0.2,0.06,0
-0.4,0.32,0
22.4,0.14,0
-4.7,0.36,0
-5.2,0.70,2
6.0,0.46,0
34.5,0.12,1
-2.0,0.98,2
16.8,0.96,2
34.2,0.41,1
12.3,0.05,0
15.1,0.28,0
-6.6,0.50,0
18.9,0.92,2
3.2,0.59,0
8.4,0.65,2
38.6,0.99,3
14.8,0.54,0
27.5,0.08,0
-0.4,0.74,2
35.3,0.55,1
36.8,0.20,1
16.0,0.47,0
20.8,0.24,0
19.2,0.05,0
13.3,0.02,0
15.9,0.22,0
-6.0,0.01,0
-4.8,0.96,2
5.7,0.74,2
24.5,0.22,0
-0.1,0.69,2
36.3,0.19,1
-10.0,0.49,0
29.4,0.27,0
-2.5,0.77,2
9.4,0.11,0
5.3,0.67,2
24.9,0.89,2
23.6,0.39,0
17.0,0.72,2
7.2,0.47,0
6.1,0.02,0
-2.5,0.56,0
39.2,0.34,1
35.6,0.27,1
3.7,0.88,2
-4.2,0.14,0
28.7,0.90,2
8.8,0.76,2
13.5,0.33,0
10.0,0.52,0
-0.3,0.38,0
13.4,0.94,2
23.2,0.17,0
17.4,0.90,2
7.5,0.79,2
2.4,0.64,2
22.9,0.65,2
-2.8,0.62,2
-4.6,0.73,2
29.4,0.48,0
32.3,0.94,3
-0.4,0.35,0
38.2,0.60,3
-9.2,0.82,2
15.9,0.79,2
-6.9,0.03,0
-9.0,0.51,0
12.5,0.84,2
17.2,0.07,0
11.7,0.89,2
20.6,0.16,0
30.0,0.59,1
-6.0,0.75,2
26.7,0.48,0
-0.6,0.79,2
-5.9,0.79,2
29.3,0.01,0
2.9,0.99,2
0.8,0.84,2
9.0,0.37,0
19.1,0.99,2
17.4,0.58,0
27.2,0.29,0
18.5,0.20,0
9.0,0.96,2
39.1,0.58,1
37.9,0.11,1
3.2,0.34,0
22.5,0.21,0
-7.9,0.19,0
13.8,0.32,0
-6.6,0.20,0
15.8,0.30,0
27.8,0.77,2
-7.8,0.50,0
3.1,0.76,2
26.6,0.68,2
29.1,0.43,0
31.3,0.64,3
-6.6,0.41,0
30.0,0.78,2
-2.1,0.71,2
-1.7,0.19,0
-0.9,0.44,0
39.6,0.82,3
7.5,0.76,2
1.2,0.99,2
5.2,0.18,0
4.7,0.22,0
7.5,0.90,2
15.0,0.88,2
1.8,0.08,0
36.2,0.67,3
29.0,0.16,0
2.6,0.08,0
-1.3,0.10,0
8.0,0.36,0
19.2,0.80,2
28.7,0.06,0
9.6,0.25,0
31.6,0.18,1
-8.1,0.15,0
13.2,0.49,0
34.5,0.06,1
10.6,0.49,0
21.5,0.09,0
26.3,0.93,2
39.3,0.31,1
0.8,0.94,2
21.2,0.58,0
-8.0,0.30,0
10.7,0.48,0
29.1,0.48,0
32.7,0.88,3
28.3,0.14,0
-9.3,0.44,0
-1.1,0.30,0
-2.1,0.84,2
20.9,0.07,0
19.7,0.38,0
4.4,0.97,2
24.3,0.51,0
37.8,0.68,3
9.6,0.74,2
-6.6,0.16,0
34.4,0.28,1
25.3,0.97,2
27.1,0.47,0
-1.6,0.86,2
29.5,0.62,2
-6.7,0.77,2
34.0,0.47,1
30.0,0.57,1
36.7,0.75,3
-4.6,0.93,2
28.0,0.71,2
11.2,0.56,0
24.3,0.96,2
4.9,0.77,2
9.2,0.51,0
6.7,0.01,0
9.1,0.47,0
24.2,0.19,0
-7.2,0.45,0
19.9,0.89,2
0.9,0.19,0
30.1,0.87,3
9.2,0.14,0
39.6,0.66,3
9.7,0.90,2
1.9,0.63,2
14.2,0.65,2
9.6,0.37,0
3.4,0.93,2
-6.3,0.97,2
17.1,0.42,0
19.8,0.21,0
18.0,0.02,0
-0.4,0.93,2
14.6,0.61,2
-7.2,0.33,0
0.8,0.65,2
34.4,0.88,3
13.8,0.71,2
-1.6,0.35,0
33.9,0.07,1
-8.4,0.11,0
-8.9,0.77,2
19.2,0.97,2
6.6,0.21,0
35.4,0.64,3
26.5,0.01,0
14.5,0.03,0
21.0,0.66,2
25.4,0.06,0
22.7,0.44,0
-7.7,0.15,0
39.1,0.87,3
-2.7,0.09,0
30.3,0.87,3
14.9,0.39,0
-3.1,0.32,0
27.5,0.16,0
12.9,0.23,0
33.7,0.94,3
11.8,0.16,0
0.4,0.33,0
37.1,0.05,1
14.7,0.33,0
1.0,0.25,0
39.6,0.50,1
2.2,0.57,0
5.6,0.71,2
21.7,0.19,0
30.2,0.14,1
39.8,0.58,1
12.2,0.49,0
8.9,0.81,2
-3.3,0.46,0
33.7,0.06,1
11.9,0.41,0
30.2,0.57,1
36.8,0.43,1
18.3,0.61,2
17.5,0.85,2
3.8,0.86,2
1.3,0.97,2
12.7,0.83,2
9.8,0.28,0
30.7,0.77,3
1.2,0.65,2
-8.3,0.16,0
35.5,0.90,3
13.6,0.53,0
-6.1,0.32,0
28.6,0.07,0
34.7,0.13,1
27.0,0.66,2
30.0,0.42,0
15.7,0.94,2
1.3,0.30,0
9.4,0.33,0
6.7,0.28,0
-7.4,0.63,2
14.3,0.27,0
4.0,0.46,0
37.7,0.04,1
39.5,0.63,3
-4.1,0.03,0
24.2,0.44,0
33.4,0.91,3
25.4,0.59,0
-2.4,0.55,0
19.6,0.00,0
12.5,0.31,0
39.9,0.06,1
-1.2,0.01,0
7.0,0.77,2
7.1,0.30,0
-4.5,0.77,2
-8.5,0.13,0
35.1,0.03,1
15.3,0.66,2
38.7,0.36,1
35.6,0.13,1
27.6,0.66,2
39.8,0.04,1
30.1,0.70,3
25.0,0.01,0
37.0,0.86,3
3.7,0.81,2
17.0,0.26,0
-4.5,0.41,0
33.5,0.89,3
6.6,0.77,2
4.4,0.89,2
-7.6,0.63,2
22.0,0.71,2
-8.5,0.54,0
24.9,0.03,0
6.1,0.62,2
35.3,0.01,1
-9.7,0.97,2
13.7,0.72,2
26.4,0.85,2
0.1,0.86,2
39.8,0.32,1
-4.5,0.07,0
-7.4,0.58,0
7.5,0.09,0
17.4,0.38,0
38.1,0.48,1
-8.6,0.06,0
8.7,0.06,0
30.6,0.26,1
35.6,0.81,3
20.6,0.86,2
13.6,0.42,0
5.1,0.65,2
39.9,0.85,3
21.4,0.24,0
0.1,0.36,0
11.5,0.85,2
-6.7,0.26,0
11.4,0.57,0
12.6,0.42,0
17.3,0.90,2
-4.8,0.54,0
-2.9,0.34,0
-1.4,0.66,2
0.1,0.94,2
2.7,0.54,0
25.8,0.82,2
21.2,0.63,2
30.5,0.45,1
-5.6,0.25,0
22.2,0.31,0
27.0,0.34,0
-2.1,0.78,2
19.8,0.19,0
4.4,0.53,0
-8.9,0.94,2
27.8,0.77,2
38.1,0.09,1
9.1,0.46,0
5.8,0.62,2
23.0,0.57,0
15.0,0.88,2
25.8,0.38,0
34.9,0.32,1
27.4,0.42,0
18.8,0.34,0
31.5,0.93,3
27.3,0.12,0
31.4,0.09,1
1.8,0.31,0
27.5,0.85,2
7.2,0.34,0
-6.8,0.63,2
33.8,0.09,1
33.6,0.10,1
18.2,0.37,0
35.8,0.50,1
19.8,0.80,2
34.6,0.47,1
26.7,0.34,0
3.3,0.62,2
3.5,0.69,2
-8.4,0.90,2
33.3,0.12,1
11.5,0.79,2
35.0,0.78,3
24.4,0.14,0
-3.9,0.08,0
27.5,0.99,2
8.0,0.39,0
0.2,0.28,0
5.8,0.56,0
25.0,0.24,0
24.7,0.13,0
19.6,0.44,0
1.7,0.31,0
36.8,0.58,1
23.2,0.52,0
-0.4,0.42,0
35.7,0.27,1
6.6,0.96,2
9.4,0.76,2
-6.5,0.85,2
16.9,0.78,2
36.5,0.89,3
11.0,0.33,0
15.3,0.65,2
28.5,0.72,2
5.5,0.72,2
-3.7,0.33,0
13.4,0.28,0
-9.4,0.32,0
-1.8,0.67,2
5.2,0.64,2
39.5,1.00,3
20.3,0.40,0
2.7,0.34,0
20.7,0.31,0
-4.9,0.20,0
22.5,0.75,2
33.6,0.40,1
16.8,0.03,0
5.8,0.00,0
21.0,0.52,0
26.0,0.71,2
3.9,0.18,0
35.3,0.83,3
29.8,0.94,2
28.9,0.38,0
27.7,0.42,0
30.0,0.55,1
14.6,0.53,0
23.8,0.56,0
32.4,0.08,1
18.1,0.97,2
38.2,0.01,1
23.6,0.98,2
22.8,0.91,2
0.4,0.78,2
5.5,0.33,0
37.9,0.65,3
1.7,0.81,2
37.5,0.06,1
23.0,0.20,0
18.3,0.51,0
17.8,0.65,2
34.1,0.09,1
-4.3,0.66,2
32.0,0.65,3
14.3,0.52,0
5.1,0.01,0
37.4,0.07,1
30.2,0.34,1
5.5,0.07,0
-5.5,0.51,0
31.2,0.15,1
-6.5,0.49,0
39.8,0.44,1
26.9,0.47,0
-6.5,0.06,0
31.0,0.44,1
8.3,0.90,2
7.7,0.50,0
35.5,0.95,3
9.2,0.67,2
31.6,0.43,1
31.4,0.25,1
35.8,1.00,3
6.5,0.37,0
-4.7,0.21,0
25.4,0.02,0
17.5,0.12,0
-5.1,0.76,2
14.4,0.27,0
23.7,0.64,2
-6.9,0.08,0
34.4,0.24,1
-9.3,0.72,2
6.1,0.74,2
-0.6,0.21,0
27.9,0.00,0
-5.8,0.70,2
-6.6,0.80,2
5.5,0.18,0
9.5,0.49,0
15.7,0.81,2
26.0,0.93,2
-3.5,0.19,0
39.4,0.83,3
12.9,0.64,2
0.2,0.50,0
18.7,0.02,0
31.0,0.41,1
25.1,0.93,2
13.0,0.97,2
20.7,0.55,0
5.9,0.99,2
1.7,0.36,0
38.0,0.86,3
28.0,0.01,0
6.8,0.24,0
31.7,0.88,3
36.8,0.23,1
33.7,0.39,1
5.8,0.54,0
25.6,0.58,0
-5.2,0.27,0
33.0,0.89,3
18.6,0.89,2
-2.7,0.66,2
33.7,0.10,1
33.9,0.03,1
22.5,0.48,0
2.5,0.26,0
19.4,0.99,2
-1.3,0.69,2
29.0,0.57,0
0.7,0.77,2
31.8,0.47,1
31.1,0.43,1
20.7,0.23,0
21.5,0.36,0
33.5,0.44,1
33.9,0.45,1
-1.3,0.99,2
-0.8,0.91,2
9.4,0.92,2
-2.8,0.37,0
38.0,1.00,3
29.9,0.07,0
-6.0,0.29,0
12.3,0.59,0
1.8,0.50,0
26.2,0.99,2
10.8,0.26,0
5.9,0.16,0
-5.8,0.38,0
-0.7,0.48,0
22.2,0.77,2
11.4,0.36,0
10.6,0.73,2
-1.6,0.75,2
-8.3,0.03,0
5.9,0.03,0
10.0,0.70,2
13.8,0.58,0
3.7,0.67,2
23.9,0.88,2
10.8,0.77,2
11.9,0.05,0
-5.3,0.96,2
29.1,0.86,2
32.2,0.22,1
16.7,0.69,2
4.9,0.06,0
-4.7,0.84,2
3.1,0.11,0
25.8,0.15,0
32.4,0.23,1
7.8,0.10,0
9.4,0.53,0
7.5,0.49,0
-0.3,0.53,0
17.4,0.06,0
28.7,0.56,0
28.0,0.35,0
11.3,0.38,0
-6.7,0.77,2
17.1,0.84,2
10.0,0.32,0
25.0,0.57,0
14.1,0.15,0
33.2,0.38,1
-3.4,0.28,0
23.2,0.26,0
12.9,0.62,2
13.5,0.41,0
27.2,0.29,0
25.9,0.97,2
18.0,0.02,0
26.5,0.28,0
1.8,0.80,2
-5.1,0.85,2
17.2,0.59,0
17.3,0.46,0
-1.4,0.61,2
-9.2,0.80,2
16.0,0.37,0
5.9,0.13,0
-3.5,0.72,2
20.5,0.46,0
36.1,0.99,3
25.0,0.52,0
-6.5,0.75,2
30.1,0.56,1
-4.9,0.04,0
31.5,0.29,1
28.5,0.58,0
1.2,0.86,2
4.2,0.60,0
39.7,0.47,1
33.4,0.15,1
13.8,0.81,2
-6.8,0.03,0
-1.2,0.11,0
-9.4,0.47,0
33.9,0.74,3
22.5,0.74,2
-9.7,0.78,2
31.4,0.66,3
19.5,0.56,0
-8.4,0.16,0
30.1,0.40,1
30.9,0.41,1
29.3,0.23,0
39.7,0.95,3
19.0,0.11,0
8.4,0.84,2
-1.5,0.12,0
38.6,0.78,3
9.9,0.58,0
12.5,0.45,0
11.4,0.06,0
19.4,0.22,0
-9.7,0.53,0
24.8,0.33,0
38.0,0.83,3
16.1,0.34,0
39.9,0.21,1
17.7,0.65,2
17.2,0.82,2
18.4,0.89,2
-3.6,0.50,0
8.3,0.89,2
-1.7,0.17,0
24.9,0.56,0
16.3,0.95,2
39.4,0.30,1
10.5,0.60,2
16.8,0.40,0
8.1,0.91,2
24.0,0.50,0
26.8,0.43,0
22.8,0.74,2
-8.0,0.85,2
-5.9,0.52,0
3.3,0.27,0
5.0,0.13,0
24.9,0.16,0
36.5,0.95,3
-0.7,0.28,0
32.5,0.25,1
12.1,0.74,2
23.5,0.15,0
20.1,0.75,2
31.0,0.98,3
5.0,0.07,0
39.9,0.71,3
31.5,0.91,3
39.2,0.75,3
28.7,0.40,0
3.7,0.61,2
7.4,0.53,0
19.3,0.68,2
10.2,0.55,0
19.4,0.08,0
9.5,0.48,0
12.0,0.86,2
-8.3,0.29,0
4.2,0.31,0
4.5,0.24,0
11.3,0.42,0
3.5,0.37,0
3.6,0.41,0
29.5,0.58,0
-2.2,0.62,2
11.2,0.14,0
-9.6,0.44,0
25.3,0.22,0
25.4,0.21,0
10.1,0.59,0
-7.0,0.54,0
-9.0,0.20,0
-2.3,0.63,2
-4.0,0.21,0
34.3,0.78,3
-3.3,0.69,2
20.5,0.23,0
26.3,0.33,0
-8.2,0.88,2
-8.1,0.13,0
24.5,0.01,0
25.8,0.03,0
-4.0,0.87,2
-0.9,0.61,2
28.1,0.59,0
9.2,0.80,2
22.7,0.74,2
15.8,0.88,2
-8.8,0.60,2
25.2,0.16,0
36.9,0.46,1
14.3,0.12,0
-3.3,0.98,2
34.5,0.98,3
-1.4,0.73,2
29.7,0.60,2
5.0,0.16,0
33.7,0.51,1
33.8,0.77,3
35.7,0.21,1
20.5,0.60,2
-4.0,0.10,0
29.9,0.62,2
0.3,0.63,2
-0.6,0.23,0
0.6,0.83,2
4.2,0.46,0
14.2,0.56,0
30.4,0.21,1
16.1,0.71,2
10.5,0.79,2
26.7,0.15,0
36.2,0.09,1
31.9,0.60,1
12.0,0.61,2
-3.6,0.65,2
-8.5,0.29,0
31.8,0.67,3
24.2,0.66,2
15.2,0.24,0
13.1,0.51,0
8.7,0.27,0
20.6,0.58,0
36.9,0.28,1
31.0,0.58,1
6.7,0.38,0
17.4,0.71,2
-3.7,0.49,0
1.7,0.58,0
-3.1,0.35,0
14.3,0.88,2
16.1,0.92,2
23.9,0.53,0
4.2,0.46,0
-1.3,0.44,0
-5.7,0.50,0
24.3,0.47,0
39.5,0.97,3
34.5,0.60,1
-1.8,0.46,0
-3.9,0.89,2
22.0,0.11,0
20.9,0.38,0
-5.1,0.01,0
24.8,0.15,0
-1.7,0.23,0
14.7,0.98,2
36.8,0.01,1
30.6,0.65,3
20.1,0.62,2
4.7,0.65,2
-8.8,0.68,2
15.1,0.68,2
39.8,0.47,1
-1.1,0.71,2
-8.7,0.59,0
11.1,0.86,2
20.9,0.48,0
38.7,0.53,1
34.5,0.40,1
37.0,0.76,3
32.6,0.15,1
-5.2,0.98,2
-7.2,0.89,2
25.9,0.83,2
20.1,0.75,2
12.6,0.15,0
-8.9,0.41,0
-7.1,0.65,2
33.2,0.55,1
32.4,0.50,1
16.8,0.95,2
27.7,0.14,0
-0.5,0.57,0
4.8,0.56,0
32.1,0.44,1
-4.6,0.89,2
23.3,0.73,2
27.8,0.12,0
8.9,0.44,0
14.0,0.69,2
0.1,0.25,0
-9.1,0.41,0
-5.0,0.10,0
11.0,0.37,0
25.0,0.65,2
-8.7,0.53,0
38.1,0.30,1
-3.9,0.78,2
-1.0,0.05,0
33.3,0.93,3
34.3,0.64,3
25.9,0.05,0
33.3,0.09,1
-7.1,0.32,0
15.5,0.48,0
4.5,0.50,0
13.6,0.35,0
35.2,0.04,1
7.8,0.64,2
0.6,0.73,2
36.6,0.47,1
28.6,0.95,2
-2.2,0.15,0
22.9,0.00,0
9.5,0.49,0
18.9,0.06,0
34.4,0.98,3
2.7,0.48,0
36.8,0.36,1
20.6,0.85,2
10.5,0.06,0
4.4,0.72,2
11.8,0.24,0
16.1,0.64,2
7.2,0.58,0
36.5,0.81,3
-4.9,0.54,0
-6.4,0.02,0
-10.0,0.17,0
10.9,0.46,0
25.8,0.65,2
-1.6,0.95,2
28.5,0.44,0
37.4,0.95,3
26.1,0.93,2
12.5,0.59,0
22.9,0.30,0
29.9,0.01,0
17.9,0.27,0
21.1,0.94,2
21.8,0.43,0
-3.9,0.79,2
-3.3,0.75,2
12.9,0.84,2
16.0,0.21,0
23.8,0.46,0
10.7,0.34,0
-5.8,0.36,0
23.8,0.33,0
30.6,0.26,1
24.3,0.22,0
-0.3,0.16,0
22.2,0.72,2
-5.2,0.71,2
35.4,0.85,3
-6.1,0.90,2
-9.8,0.02,0
-1.9,0.99,2
24.9,0.90,2
32.0,0.11,1
27.9,0.50,0
15.3,0.57,0
1.1,0.56,0
25.0,0.36,0
10.7,0.39,0
32.4,0.61,3
4.9,0.35,0
24.2,0.35,0
5.6,0.52,0
30.9,0.29,1
24.6,0.85,2
12.0,0.80,2
14.9,0.64,2
-2.9,0.49,0
23.5,0.94,2
-5.4,0.73,2
29.0,0.05,0
-9.3,0.46,0
27.6,0.69,2
21.3,0.03,0
-1.0,0.00,0
27.6,0.46,0
-8.1,0.82,2
10.1,0.03,0
22.1,0.76,2
-4.8,0.73,2
19.3,0.03,0
26.0,0.14,0
37.4,0.05,1
9.6,0.22,0
9.2,0.36,0
8.3,0.24,0
4.1,0.87,2
8.4,0.32,0
9.2,0.37,0
-1.2,0.78,2
23.5,0.75,2
10.4,0.25,0
24.1,0.70,2
11.8,0.47,0
28.2,0.48,0
22.0,0.44,0
25.2,0.35,0
17.6,0.86,2
2.7,0.93,2
0.2,0.89,2
19.3,0.69,2
14.8,0.79,2
33.2,0.38,1
3.7,0.81,2
0.9,0.23,0
-3.9,0.66,2
5.5,0.33,0
19.1,0.38,0
10.7,0.40,0
-1.8,0.70,2
39.8,0.17,1
34.0,0.30,1
13.5,0.22,0
37.5,0.65,3
21.2,0.32,0
-1.8,0.61,2
-3.3,0.59,0
38.6,0.81,3
31.5,0.16,1
39.5,0.85,3
-3.9,0.29,0
14.5,0.93,2
15.0,0.55,0
39.2,0.37,1
37.7,0.28,1
-0.3,0.43,0
0.8,0.31,0
1.9,0.97,2
8.7,0.01,0
-3.4,0.87,2
8.6,0.98,2
17.3,0.28,0
34.6,0.77,3
23.1,0.49,0
35.1,0.89,3
36.5,0.72,3
28.2,0.05,0
22.2,0.17,0
1.7,0.47,0
35.1,0.67,3
37.8,0.53,1
7.8,0.16,0
5.2,0.84,2
9.4,0.45,0
-0.2,0.45,0
8.6,0.75,2
-2.6,0.88,2
37.3,0.00,1
10.5,0.79,2
-7.3,0.88,2
25.4,0.45,0
38.4,0.93,3
29.9,0.34,0
9.9,0.27,0
37.0,0.30,1
-2.1,0.25,0
-5.7,0.06,0
5.3,0.91,2
30.2,0.37,1
5.7,0.09,0
29.4,0.32,0
-5.2,0.62,2
12.4,0.22,0
31.9,0.60,3
-4.7,0.04,0
-6.7,0.58,0
16.6,0.69,2
7.3,0.43,0
21.9,0.60,2
26.9,0.68,2
36.8,0.99,3
16.7,0.29,0
25.8,0.86,2
36.8,0.36,1
39.5,0.98,3
36.4,0.65,3
5.2,0.64,2
38.9,0.20,1
-1.8,0.40,0
14.6,0.81,2
-4.5,0.23,0
-3.2,0.41,0
-9.9,0.45,0
13.8,0.11,0
4.0,0.89,2
31.6,0.84,3
4.5,0.16,0
5.5,0.27,0
-2.7,0.61,2
14.6,0.56,0
4.9,0.54,0
9.3,0.17,0
6.0,0.20,0
22.3,0.49,0
2.9,0.32,0
10.1,0.91,2
6.7,0.62,2
20.7,0.89,2
2.3,0.86,2
36.9,0.16,1
10.2,0.61,2
20.6,0.95,2
7.1,0.96,2
4.2,0.79,2
7.6,0.37,0
38.4,0.02,1
25.6,0.72,2
7.7,0.39,0
28.4,0.99,2
24.7,0.08,0
14.6,0.65,2
8.8,0.38,0
-1.3,0.46,0
39.8,0.92,3
-6.0,0.91,2
1.9,0.99,2
17.7,0.45,0
-1.0,0.63,2
5.9,0.44,0
17.2,0.41,0
-8.4,0.64,2
-7.9,0.49,0
15.9,0.87,2
25.0,0.32,0
27.5,0.92,2
1.1,0.64,2
10.8,0.88,2
9.6,0.78,2
13.8,0.27,0
35.6,0.91,3
33.2,0.70,3
25.4,0.87,2
39.3,0.98,3
-3.1,0.08,0
-6.2,0.30,0
9.5,0.12,0
2.3,0.95,2
28.8,0.40,0
-6.4,0.28,0
25.2,0.73,2
17.9,0.07,0
-9.3,0.35,0
-9.4,0.32,0
4.3,0.22,0
14.5,0.44,0
17.8,0.70,2
8.9,0.76,2
15.3,0.86,2
33.9,0.62,3
18.2,0.42,0
6.4,0.14,0
5.1,0.44,0
23.8,0.32,0
35.1,0.57,1
36.1,0.90,3
24.6,0.87,2
18.6,0.41,0
8.2,0.83,2
21.9,0.68,2
22.4,0.34,0
32.3,0.90,3
-8.9,0.51,0
14.5,0.43,0
4.4,0.02,0
-5.5,0.15,0
35.5,0.79,3
-6.9,0.88,2
-0.9,0.12,0
1.8,0.75,2
20.4,0.20,0
-3.6,0.96,2
6.3,0.25,0
14.4,0.08,0
1.0,0.02,0
13.5,0.16,0
29.5,0.48,0
29.9,0.76,2
29.7,0.25,0
-5.1,0.42,0
9.1,0.90,2
9.8,0.63,2
9.3,0.09,0
35.3,0.69,3
20.9,0.95,2
4.3,0.05,0
36.1,0.84,3
10.8,0.81,2
34.2,0.13,1
14.8,0.26,0
7.3,0.07,0
-5.6,0.46,0
12.8,0.18,0
19.9,0.23,0
-0.1,0.05,0
14.6,0.33,0
7.0,0.00,0
5.2,0.01,0
16.4,0.73,2
15.6,0.94,2
-4.4,0.37,0
-4.2,0.78,2
27.8,0.12,0
28.9,0.60,2
38.6,0.69,3
18.3,0.19,0
39.9,0.81,3
16.4,0.75,2
33.2,0.64,3
-7.2,0.45,0
7.7,0.48,0
-1.3,0.27,0
12.7,0.07,0
34.6,0.73,3
17.6,0.12,0
4.1,0.32,0
39.6,0.20,1
-1.4,0.42,0
30.8,0.29,1
14.8,0.52,0
24.0,0.16,0
10.0,0.72,2
8.1,0.70,2
25.8,0.97,2
14.1,0.93,2
10.4,0.50,0
-8.9,0.32,0
-6.3,0.57,0
29.6,0.81,2
37.6,0.34,1
1.5,0.86,2
31.6,0.84,3
24.4,0.27,0
-1.5,0.36,0
23.9,0.37,0
-4.8,0.87,2
26.2,0.80,2
33.1,0.25,1
38.9,0.84,3
18.6,0.51,0
11.9,0.56,0
15.6,0.69,2
38.6,0.82,3
2.7,0.41,0
-2.4,0.62,2
-6.5,0.59,0
7.7,0.93,2
33.2,0.27,1
-5.8,0.84,2
10.0,0.24,0
19.6,0.62,2
-6.8,0.97,2
19.2,0.49,0
12.8,0.57,0
-7.1,0.19,0
39.9,0.87,3
24.0,0.66,2
8.8,0.85,2
30.8,0.96,3
8.8,0.80,2
-0.8,0.92,2
30.0,0.23,1
-9.1,0.79,2
6.5,0.90,2
25.3,0.58,0
2.6,0.06,0
-8.4,0.20,0
5.4,0.19,0
37.3,0.55,1
19.2,0.06,0
3.1,0.75,2
11.5,0.83,2
22.8,0.13,0
-7.2,0.70,2
17.2,0.84,2
3.3,0.58,0
8.6,0.73,2
-3.0,0.87,2
9.6,0.87,2
37.8,0.72,3
13.6,0.95,2
4.3,0.97,2
23.5,0.74,2
1.9,0.36,0
-3.2,0.28,0
27.6,0.73,2
32.0,0.28,1
38.9,0.28,1
-8.6,0.49,0
24.5,0.08,0
-4.4,0.29,0
21.9,0.02,0
24.3,0.10,0
38.6,0.61,3
27.0,0.95,2
5.8,0.07,0
14.4,0.90,2
-10.0,0.87,2
30.8,0.54,1
-6.5,0.64,2
22.0,0.19,0
37.8,0.50,1
34.8,0.63,3
25.6,0.71,2
22.6,0.53,0
27.9,0.45,0
-7.7,0.14,0
36.8,0.26,1
7.4,0.59,0
15.9,0.01,0
35.5,0.29,1
-2.9,0.15,0
-1.0,0.62,2
33.8,0.45,1
-1.9,0.07,0
15.8,0.11,0
35.5,0.42,1
2.1,0.78,2
28.9,0.57,0
20.7,0.91,2
13.8,0.78,2
-5.9,0.70,2
36.1,0.23,1
23.2,0.57,0
-6.7,0.27,0
30.4,0.95,3
-0.9,0.91,2
0.5,0.97,2
19.9,0.17,0
20.7,0.53,0
5.8,0.70,2
6.9,0.78,2
-8.3,0.97,2
-7.4,0.59,0
31.1,0.52,1
11.5,0.91,2
37.1,0.25,1
14.4,0.92,2
3.8,0.03,0
15.2,0.80,2
17.6,0.15,0
32.0,0.06,1
1.5,0.02,0
25.3,0.69,2
-8.3,0.32,0
25.0,0.79,2
28.3,0.91,2
13.1,0.17,0
-6.3,0.16,0
19.4,0.39,0
28.2,0.53,0
39.3,0.97,3
22.8,0.08,0
-7.1,0.74,2
33.5,0.96,3
2.5,0.97,2
-7.0,0.68,2
34.7,0.99,3
-6.8,0.68,2
5.9,0.03,0
36.5,0.49,1
-1.7,0.35,0
2.9,0.33,0
26.9,0.14,0
20.1,0.80,2
37.1,0.86,3
4.5,0.30,0
14.2,0.85,2
-9.4,0.83,2
39.6,0.85,3
4.6,1.00,2
2.4,0.25,0
30.9,0.55,1
17.8,0.06,0
-2.6,0.92,2
26.5,0.59,0
15.8,0.37,0
31.3,0.33,1
27.3,0.04,0
23.1,0.13,0
11.0,0.45,0
4.6,0.48,0
32.4,0.59,1
8.7,0.43,0
2.8,0.08,0
26.4,0.98,2
6.4,0.86,2
-6.6,0.48,0
24.2,0.87,2
10.1,0.54,0
-5.9,0.27,0
6.2,0.37,0
4.3,0.72,2
6.1,0.30,0
20.6,0.40,0
19.9,0.95,2
1.7,0.43,0
30.5,0.26,1
30.2,0.86,3
28.5,0.88,2
16.9,0.53,0
-8.6,0.37,0
18.8,0.04,0
38.9,0.62,3
10.4,0.20,0
28.9,0.18,0
8.6,0.80,2
-1.3,0.31,0
5.5,0.54,0
25.1,0.61,2
32.1,0.16,1
26.9,0.87,2
18.4,0.63,2
24.3,0.38,0
0.7,0.57,0
0.4,0.51,0
23.1,0.20,0
-7.8,0.51,0
35.9,0.10,1
-1.6,0.36,0
6.0,0.70,2
22.0,0.49,0
19.7,0.93,2
2.5,0.91,2
1.5,0.41,0
-6.4,0.09,0
15.9,0.75,2
3.3,0.82,2
9.2,0.21,0
31.9,0.26,1
4.7,0.87,2
30.0,0.79,3
4.5,0.04,0
27.7,0.89,2
8.6,0.98,2
5.3,0.00,0
24.0,0.68,2
32.9,0.56,1
-8.3,0.69,2
6.3,0.21,0
11.2,0.01,0
20.7,0.83,2
-8.5,0.13,0
4.6,0.07,0
31.2,0.32,1
37.8,0.82,3
4.3,0.56,0
-8.4,0.82,2
22.6,0.50,0
22.0,0.06,0
23.2,0.59,0
-3.4,0.61,2
6.5,0.20,0
34.0,0.77,3
26.9,0.84,2
33.4,0.31,1
22.9,1.00,2
-5.2,0.04,0
6.5,0.27,0
11.2,0.05,0
0.6,1.00,2
26.9,0.31,0
7.2,0.65,2
6.2,0.35,0
17.0,0.72,2
19.6,0.03,0
5.1,0.59,0
19.2,0.85,2
28.2,0.63,2
38.2,0.74,3
21.9,0.86,2
24.2,0.07,0
9.9,0.95,2
36.1,0.12,1
21.2,0.14,0
2.1,0.10,0
17.6,0.98,2
29.7,0.86,2
-3.7,0.28,0
32.4,0.29,1
11.6,0.59,0
-6.1,0.38,0
20.9,0.18,0
36.9,0.05,1
14.8,0.66,2
1.6,1.00,2
32.9,0.86,3
20.2,0.06,0
9.8,0.25,0
-6.2,0.75,2
-2.1,0.92,2
31.7,0.42,1
-3.6,0.31,0
12.0,0.68,2
8.9,0.74,2
6.9,0.73,2
-6.5,0.56,0
22.9,0.49,0
17.0,0.24,0
4.5,0.33,0
1.1,0.26,0
20.2,0.25,0
15.7,0.11,0
16.3,0.09,0
10.7,0.09,0
16.6,0.14,0
26.8,0.72,2
-0.0,0.35,0
1.2,0.59,0
-8.4,0.15,0
3.7,0.35,0
-7.2,0.30,0
-2.7,0.23,0
30.2,0.69,3
6.3,0.93,2
24.9,0.90,2
-4.3,0.05,0
1.0,0.96,2
34.9,0.69,3
24.4,0.92,2
19.4,0.25,0
20.8,0.75,2
17.0,0.17,0
21.1,0.39,0
-6.5,0.11,0
-2.1,0.78,2
-8.8,0.40,0
30.5,0.33,1
16.5,0.38,0
24.6,0.48,0
29.8,0.77,2
28.6,0.75,2
7.8,0.87,2
11.2,0.07,0
-3.3,0.05,0
3.0,0.04,0
35.8,0.38,1
10.8,0.40,0
31.3,0.10,1
29.4,0.12,0
13.6,0.91,2
-2.2,0.32,0
36.7,0.93,3
32.8,0.40,1
-8.2,0.39,0
23.0,0.78,2
6.7,0.14,0
31.0,0.30,1
31.2,0.09,1
38.0,0.97,3
21.6,0.87,2
15.0,0.42,0
34.5,0.20,1
20.9,0.57,0
-1.3,0.18,0
-1.6,0.73,2
18.8,0.76,2
0.0,0.41,0
39.0,0.30,1
6.1,0.53,0
-9.8,0.43,0
-9.3,0.93,2
32.4,0.05,1
-2.1,0.53,0
5.9,0.75,2
4.4,0.67,2
21.1,0.18,0
33.1,0.15,1
30.5,0.71,3
2.4,0.25,0
10.2,0.24,0
-7.4,0.59,0
-3.7,0.80,2
13.8,0.85,2
-7.1,0.99,2
-5.1,0.40,0
6.2,0.72,2
39.9,0.69,3
32.4,0.44,1
-7.7,0.48,0
2.0,0.72,2
10.2,0.78,2
23.6,0.70,2
16.4,0.20,0
39.6,0.81,3
-4.3,0.77,2
1.1,0.47,0
40.0,0.70,3
34.0,0.69,3
15.8,0.48,0
24.0,0.27,0
20.3,0.08,0
19.6,0.86,2
18.3,0.79,2
9.4,0.59,0
16.8,0.79,2
28.8,0.57,0
10.6,0.28,0
12.9,0.12,0
31.4,0.18,1
-9.8,0.54,0
25.9,0.09,0
3.8,0.49,0
8.0,0.55,0
22.3,0.97,2
36.1,0.03,1
25.1,0.83,2
35.3,0.05,1
33.7,0.59,1
23.1,0.83,2
25.0,0.60,0
-6.9,0.64,2
-1.4,0.60,0
28.0,0.11,0
33.8,0.11,1
0.9,0.20,0
31.4,0.73,3
26.8,0.28,0
2.3,0.96,2
27.0,0.51,0
-0.4,0.12,0
26.4,0.26,0
14.9,0.15,0
-0.3,0.88,2
-0.8,0.50,0
32.7,0.01,1
-6.4,0.87,2
36.4,0.34,1
14.3,0.83,2
23.3,0.06,0
26.3,0.95,2
4.3,0.18,0
39.1,0.96,3
8.7,0.15,0
10.3,0.86,2
24.7,0.97,2
20.0,0.34,0
23.1,0.79,2
7.0,0.72,2
25.2,0.52,0
10.0,0.27,0
26.3,0.11,0
-1.8,0.32,0
11.1,0.33,0
8.8,0.69,2
24.3,0.06,0
37.0,0.84,3
8.2,0.95,2
34.8,0.26,1
16.2,0.10,0
22.4,0.45,0
19.8,0.52,0
13.5,0.40,0
12.3,0.61,2
11.6,0.21,0
23.4,0.31,0
0.6,0.26,0
21.4,0.75,2
14.4,0.75,2
9.0,0.16,0
6.5,0.27,0
-6.2,0.73,2
5.7,0.82,2
35.8,0.05,1
3.5,0.82,2
-3.4,0.96,2
-9.3,0.60,2
12.2,0.45,0
12.0,0.13,0
32.7,0.88,3
6.9,0.85,2
30.4,0.54,1
38.4,0.26,1
1.0,0.01,0
-6.5,0.98,2
6.4,0.65,2
-4.7,0.50,0
19.6,0.84,2
9.5,0.62,2
36.6,0.39,1
12.1,0.90,2
20.0,0.03,0
8.4,0.74,2
-0.8,0.06,0
36.9,0.71,3
1.3,0.40,0
0.3,0.59,0
0.5,0.25,0
1.1,0.02,0
34.3,0.20,1
-9.6,0.43,0
36.1,0.27,1
36.9,0.15,1
3.8,0.32,0
19.8,0.90,2
31.3,0.72,3
26.8,0.40,0
26.5,0.51,0
32.9,0.72,3
8.6,0.39,0
33.2,0.73,3
38.3,0.35,1
-4.0,0.45,0
-8.3,0.27,0
9.6,0.54,0
27.1,0.87,2
-0.8,0.56,0
30.8,0.54,1
26.4,0.65,2
3.3,0.76,2
-1.6,0.03,0
17.5,0.14,0
0.1,0.36,0
36.9,0.10,1
32.9,0.11,1
11.1,0.62,2
36.7,0.01,1
3.9,0.23,0
39.6,0.93,3
5.7,0.51,0
12.2,0.15,0
32.4,0.21,1
23.3,0.57,0
14.0,0.03,0
30.7,0.78,3
24.4,0.13,0
14.3,0.87,2
12.0,0.22,0
27.4,0.09,0
-3.0,0.58,0
37.5,0.46,1
-2.6,0.51,0
17.4,0.99,2
-8.1,0.75,2
32.2,0.74,3
12.2,0.90,2
35.0,0.92,3
34.4,0.74,3
-1.9,0.97,2
4.1,0.35,0
18.6,0.94,2
9.2,0.11,0
24.9,0.26,0
9.7,0.46,0
34.7,0.27,1
0.3,0.21,0
28.8,0.18,0
29.6,0.36,0
17.2,0.02,0
26.7,0.97,2
25.8,0.36,0
2.5,0.10,0
11.7,0.37,0
4.8,0.18,0
31.3,0.50,1
26.6,0.62,2
11.5,0.67,2
18.4,0.08,0
34.3,0.35,1
38.1,0.08,1
23.8,0.46,0
1.4,0.09,0
30.8,0.41,1
21.9,0.90,2
28.9,0.67,2
9.5,0.40,0
-4.3,0.67,2
21.8,0.12,0
32.4,0.72,3
4.9,0.81,2
27.8,0.12,0
19.5,0.60,2
16.2,0.69,2
28.8,0.57,0
-5.0,0.94,2
-0.9,0.72,2
24.3,0.64,2
6.3,0.82,2
14.5,0.10,0
30.9,0.69,3
35.1,0.07,1
25.8,0.99,2
-7.4,0.71,2
35.4,0.45,1
7.7,0.75,2
17.1,0.35,0
1.9,0.10,0
-1.9,0.98,2
30.3,0.68,3
1.1,0.77,2
8.1,0.86,2
34.3,0.15,1
9.4,0.74,2
-3.7,0.23,0
10.9,0.29,0
16.1,0.62,2
0.2,0.95,2
28.0,0.51,0
-1.9,0.46,0
30.0,0.55,1
15.2,0.87,2
26.6,0.20,0
-2.8,0.09,0
8.5,0.81,2
11.4,0.13,0
29.8,0.80,2
23.4,0.99,2
18.0,0.96,2
6.5,0.29,0
21.9,0.62,2
1.3,0.24,0
13.3,0.30,0
2.8,0.03,0
25.6,0.12,0
14.3,0.64,2
33.0,0.16,1
-6.9,0.62,2
33.9,0.08,1
21.7,0.49,0
11.1,0.74,2
28.9,0.65,2
38.4,0.35,1
-8.0,0.45,0
10.8,0.80,2
36.1,0.37,1
30.0,0.52,0
-7.2,0.85,2
24.1,0.53,0
20.2,0.36,0
21.7,0.29,0
25.8,0.57,0
35.3,0.71,3
9.0,0.40,0
31.7,0.40,1
11.3,0.66,2
14.4,0.37,0
34.1,0.04,1
32.5,0.26,1
12.5,0.72,2
8.6,0.29,0
-4.7,0.42,0
31.2,0.22,1
18.6,0.53,0
9.8,0.43,0
38.2,0.55,1
12.4,0.17,0
29.4,0.01,0
-0.5,0.01,0
28.8,0.01,0
37.6,0.30,1
25.1,0.10,0
23.1,0.72,2
23.1,0.78,2
17.1,0.87,2
8.5,0.47,0
11.7,0.31,0
19.4,0.51,0
29.9,0.65,2
5.9,0.90,2
30.0,0.93,3
-6.1,0.30,0
30.9,0.99,3
23.4,0.01,0
15.2,0.86,2
36.7,0.71,3
29.3,0.64,2
7.9,0.99,2
-8.0,0.89,2
16.8,0.23,0
26.3,0.85,2
6.2,0.88,2
30.2,0.95,3
26.0,0.21,0
11.6,0.08,0
9.2,0.12,0
30.8,0.79,3
10.2,0.52,0
-1.4,0.62,2
18.1,0.87,2
12.2,0.18,0
-1.4,0.54,0
20.9,0.06,0
-3.2,0.75,2
6.2,0.11,0
17.1,0.33,0
35.4,0.02,1
26.1,0.33,0
14.6,0.68,2
14.3,0.44,0
-1.8,0.31,0
-2.8,0.89,2
24.3,0.17,0
-3.6,0.90,2
34.8,0.01,1
-8.8,0.84,2
34.7,0.91,3
-8.5,0.25,0
26.3,0.32,0
4.5,0.54,0
12.5,0.94,2
-9.5,0.72,2
5.2,0.32,0
10.5,0.71,2
33.1,0.37,1
-1.9,0.51,0
-5.2,0.34,0
38.2,0.73,3
5.0,0.91,2
11.2,0.56,0
24.5,0.79,2
11.1,0.29,0
35.1,0.00,1
35.3,0.98,3
-8.1,0.28,0
37.5,0.04,1
31.0,0.66,3
8.9,0.27,0
-6.4,0.18,0
11.4,0.19,0
33.8,0.59,1
15.7,0.95,2
-1.4,0.38,0
33.0,0.49,1
-6.8,0.74,2
6.8,1.00,2
-4.2,0.74,2
13.7,0.39,0
-8.1,0.56,0
21.6,0.74,2
-7.8,0.68,2
19.7,0.23,0
-8.6,0.11,0
11.0,0.21,0
-6.2,0.09,0
22.2,0.15,0
24.0,0.68,2
29.2,0.05,0
34.7,0.96,3
-4.3,0.04,0
35.4,0.50,1
-5.6,0.95,2
13.8,0.40,0
19.2,0.35,0
14.7,0.79,2
14.2,0.71,2
-3.7,0.68,2
7.1,0.07,0
20.2,0.79,2
15.4,0.65,2
9.3,0.54,0
12.0,0.42,0
38.7,0.23,1
13.7,0.70,2
34.7,0.76,3
16.2,0.84,2
13.9,0.45,0
20.5,0.22,0
32.4,0.42,1
31.2,0.66,3
1.8,0.81,2
12.6,0.94,2
18.1,0.25,0
34.6,0.98,3
16.4,0.05,0
35.9,0.10,1
37.9,0.07,1
35.2,0.52,1
-2.0,0.22,0
36.4,0.42,1
12.4,0.39,0
-2.7,0.29,0
36.6,0.04,1
-0.5,0.10,0
-1.5,0.96,2
0.8,0.11,0
17.2,0.09,0
-9.3,0.04,0
33.7,0.26,1
14.8,0.33,0
17.3,0.54,0
3.1,0.55,0
29.4,0.16,0
-0.4,0.78,2
13.2,0.47,0
25.5,0.15,0
-4.9,0.62,2
-0.6,0.09,0
13.9,0.92,2
-7.2,0.75,2
8.4,0.12,0
-1.7,0.49,0
4.6,0.18,0
33.2,0.97,3
39.4,0.08,1
21.1,0.48,0
10.3,0.52,0
-7.4,0.71,2
38.9,0.53,1
26.2,0.54,0
7.9,0.10,0
25.2,0.48,0
-0.9,0.85,2
5.3,0.94,2
13.4,0.53,0
12.6,0.79,2
-9.2,0.84,2
37.5,0.83,3
26.3,0.25,0
20.7,0.86,2
-7.2,0.02,0
-6.1,0.80,2
9.0,1.00,2
6.2,0.01,0
9.8,0.62,2
11.2,0.96,2
18.5,0.34,0
21.9,0.69,2
30.3,0.29,1
-4.4,0.94,2
7.3,0.03,0
30.8,0.77,3
20.6,0.50,0
28.1,0.95,2
-2.4,0.26,0
-7.9,0.31,0
3.0,0.26,0
38.7,0.86,3
7.0,0.50,0
-9.8,0.52,0
5.3,0.48,0
6.8,0.27,0
0.5,0.54,0
32.6,0.36,1
3.9,0.83,2
21.2,0.49,0
35.6,0.36,1
10.5,0.36,0
8.9,0.05,0
-2.2,0.15,0
7.6,0.94,2
29.1,0.04,0
28.0,0.83,2
13.9,0.47,0
17.6,0.47,0
-5.6,0.53,0
36.9,0.68,3
-7.5,0.55,0
32.9,0.21,1
21.2,0.78,2
-3.8,0.51,0
35.3,0.53,1
5.2,0.68,2
21.3,0.36,0
4.9,0.97,2
6.7,0.02,0
4.6,0.73,2
38.2,0.08,1
7.2,0.60,2
10.8,0.16,0
0.9,0.08,0
30.8,0.03,1
-7.4,0.58,0
15.4,0.49,0
24.7,0.35,0
-8.1,0.91,2
38.2,0.22,1
6.7,0.29,0
28.7,0.35,0
12.4,0.56,0
-3.6,0.08,0
4.7,0.59,0
24.0,0.85,2
24.8,0.04,0
-5.8,0.72,2
6.6,0.20,0
13.3,0.72,2
31.4,0.83,3
-3.7,0.71,2
4.1,0.05,0
-8.3,0.12,0
14.1,0.24,0
18.3,0.58,0
-1.3,0.24,0
12.3,0.47,0
3.0,0.27,0
-2.1,0.58,0
27.9,0.46,0
24.9,0.19,0
5.4,0.44,0
-2.3,0.18,0
10.5,0.58,0
35.5,0.93,3
29.7,0.56,0
19.6,0.97,2
-5.9,0.75,2
1.5,0.71,2
1.4,0.98,2
-8.4,0.83,2
31.9,0.92,3
12.0,0.17,0
21.6,0.77,2
22.6,0.54,0
30.8,0.70,3
11.6,0.26,0
0.2,0.33,0
17.4,0.98,2
2.7,0.54,0
-5.0,0.47,0
6.4,0.16,0
5.9,0.52,0
9.1,0.26,0
11.6,0.91,2
7.5,0.50,0
26.0,0.53,0
28.7,0.76,2
13.9,0.67,2
-4.8,0.76,2
17.4,0.74,2
4.0,0.15,0
11.8,0.29,0
0.4,0.45,0
9.0,0.64,2
19.7,0.84,2
15.2,0.24,0
13.1,0.01,0
-4.4,0.90,2
21.9,0.20,0
9.3,0.69,2
2.5,0.18,0
29.9,0.10,0
17.0,0.08,0
5.3,0.25,0
34.3,0.70,3
11.2,0.39,0
35.3,0.57,1
20.8,0.37,0
39.8,0.12,1
37.5,0.44,1
25.1,0.44,0
33.1,0.11,1
20.2,0.09,0
-8.1,0.79,2
37.1,0.25,1
3.2,0.63,2
-3.2,0.19,0
33.6,0.79,3
32.8,0.79,3
10.2,0.53,0
33.0,0.31,1
32.4,1.00,3
25.0,0.99,2
16.3,0.48,0
-6.7,0.02,0
-7.4,0.30,0
14.5,0.94,2
28.9,0.55,0
18.7,0.90,2
-7.5,0.35,0
24.3,0.84,2
22.1,0.43,0
19.6,0.45,0
27.5,0.47,0
-1.9,0.36,0
15.7,0.78,2
33.1,0.37,1
0.3,0.31,0
19.1,0.70,2
18.0,0.54,0
27.8,0.63,2
-0.2,0.14,0
-2.0,0.83,2
-1.7,0.34,0
-9.5,0.57,0
35.2,0.78,3
25.7,0.83,2
17.4,0.90,2
25.3,0.85,2
22.3,0.26,0
27.9,0.75,2
-2.7,0.40,0
11.1,0.57,0
35.7,0.20,1
35.4,0.13,1
15.5,0.94,2
7.0,0.09,0
-5.9,0.21,0
-5.0,0.40,0
31.4,0.44,1
39.6,0.17,1
4.3,0.45,0
1.5,0.53,0
33.5,0.75,3
36.9,0.93,3
1.8,0.76,2
0.9,0.34,0
-7.8,0.84,2
27.7,0.23,0
38.9,0.60,3
-1.8,0.69,2
25.1,0.92,2
-8.7,0.79,2
26.4,0.68,2
-1.2,0.23,0
10.4,0.48,0
13.7,0.02,0
1.4,0.44,0
21.2,0.91,2
-0.3,0.60,0
10.8,0.83,2
30.8,0.58,1
1.9,0.29,0
15.9,0.38,0
-4.2,0.46,0
33.3,0.94,3
2.2,0.11,0
29.7,0.64,2
-0.5,0.17,0
4.7,0.99,2
2.5,0.09,0
20.2,0.48,0
33.3,0.88,3
31.7,0.53,1
18.6,0.51,0
15.8,0.35,0
36.0,0.75,3
23.9,0.92,2
3.0,0.98,2
39.3,0.52,1
